NaCl_Percent,Target_Temp,Rep,Mercury_Temp,Temp_M01,EC_M01,Temp_M02,EC_M02,Temp_M03,EC_M03,source
0.0,25.0,1,25.0,2473.0,78.0,2499.0,89.0,,,excel
0.0,25.0,1,25.0,2223.0,49.0,2650.0,95.0,2499.0,89.0,csv_heatplate
0.0,25.0,2,25.0,2446.0,77.0,2516.0,87.0,,,excel
0.0,25.0,2,25.0,2216.0,49.0,2398.0,93.0,2516.0,87.0,csv_heatplate
0.0,25.0,3,26.0,2507.0,78.0,2548.0,91.0,,,excel
0.0,25.0,3,25.0,2135.0,46.0,2485.0,94.0,2548.0,91.0,csv_heatplate
0.0,25.0,4,26.0,2548.0,80.0,2606.0,93.0,,,excel
0.0,25.0,4,25.0,2245.0,47.0,2475.0,94.0,2606.0,93.0,csv_heatplate
0.0,25.0,5,26.0,2543.0,81.0,2604.0,87.0,,,excel
0.0,25.0,5,25.0,2284.0,48.0,2480.0,93.0,2604.0,87.0,csv_heatplate
0.0,30.0,1,30.0,3020.0,82.0,2971.0,89.0,,,excel
0.0,30.0,1,30.0,2873.0,57.0,3069.0,96.0,2971.0,89.0,csv_heatplate
0.0,30.0,2,30.0,2946.0,82.0,2883.0,57.0,,,excel
0.0,30.0,2,30.0,3004.0,64.0,3053.0,98.0,2883.0,57.0,csv_heatplate
0.0,30.0,3,30.0,2913.0,80.0,2966.0,94.0,,,excel
0.0,30.0,3,30.0,3014.0,59.0,3074.0,99.0,2966.0,94.0,csv_heatplate
0.0,30.0,4,30.0,3025.0,83.0,2997.0,89.0,,,excel
0.0,30.0,4,30.0,3025.0,52.0,3064.0,98.0,2997.0,89.0,csv_heatplate
0.0,30.0,5,30.0,2954.0,80.0,2986.0,82.0,,,excel
0.0,30.0,5,30.0,3030.0,51.0,3105.0,98.0,2986.0,82.0,csv_heatplate
0.0,40.0,1,40.0,3892.0,89.0,3706.0,105.0,,,excel
0.0,40.0,1,40.0,3836.0,52.0,3898.0,103.0,3706.0,105.0,csv_heatplate
0.0,40.0,2,40.0,3954.0,89.0,3886.0,105.0,,,excel
0.0,40.0,2,40.0,3936.0,52.0,3939.0,105.0,3886.0,105.0,csv_heatplate
0.0,40.0,3,40.0,4051.0,88.0,4039.0,109.0,,,excel
0.0,40.0,3,40.0,3901.0,52.0,3871.0,104.0,4039.0,109.0,csv_heatplate
0.0,40.0,4,41.0,4036.0,92.0,3895.0,105.0,,,excel
0.0,40.0,4,40.0,3856.0,51.0,3901.0,104.0,3895.0,105.0,csv_heatplate
0.0,40.0,5,40.0,3951.0,94.0,3850.0,103.0,,,excel
0.0,40.0,5,40.0,3941.0,52.0,3927.0,104.0,3850.0,103.0,csv_heatplate
0.0,50.0,1,50.0,5029.0,101.0,4554.0,112.0,,,excel
0.0,50.0,1,50.0,5041.0,67.0,5136.0,120.0,4554.0,112.0,csv_heatplate
0.0,50.0,2,50.0,5022.0,100.0,4582.0,109.0,,,excel
0.0,50.0,2,50.0,5040.0,70.0,4827.0,122.0,4582.0,109.0,csv_heatplate
0.0,50.0,3,50.0,5006.0,98.0,4617.0,108.0,,,excel
0.0,50.0,3,50.0,4994.0,64.0,4894.0,126.0,4617.0,108.0,csv_heatplate
0.0,50.0,4,50.0,4998.0,100.0,4710.0,107.0,,,excel
0.0,50.0,4,50.0,4830.0,63.0,5032.0,126.0,4710.0,107.0,csv_heatplate
0.0,50.0,5,50.0,5049.0,99.0,4724.0,105.0,,,excel
0.0,50.0,5,50.0,4948.0,69.0,5003.0,125.0,4724.0,105.0,csv_heatplate
0.0,60.0,1,61.0,5860.0,109.0,5381.0,117.0,,,excel
0.0,60.0,1,60.0,6016.0,62.0,6053.0,137.0,5381.0,117.0,csv_heatplate
0.0,60.0,2,62.0,6236.0,106.0,5584.0,119.0,,,excel
0.0,60.0,2,60.0,5835.0,68.0,6102.0,141.0,5584.0,119.0,csv_heatplate
0.0,60.0,3,61.0,6119.0,107.0,5557.0,115.0,,,excel
0.0,60.0,3,60.0,5911.0,64.0,6003.0,142.0,5557.0,115.0,csv_heatplate
0.0,60.0,4,60.0,5921.0,107.0,5220.0,114.0,,,excel
0.0,60.0,4,60.0,6011.0,67.0,6021.0,140.0,5220.0,114.0,csv_heatplate
0.0,60.0,5,60.0,6037.0,107.0,5170.0,123.0,,,excel
0.0,60.0,5,60.0,6102.0,67.0,6011.0,135.0,5170.0,123.0,csv_heatplate
0.0,70.0,1,71.0,7107.0,116.0,6032.0,124.0,,,excel
0.0,70.0,1,70.0,6981.0,71.0,6945.0,162.0,6032.0,124.0,csv_heatplate
0.0,70.0,2,70.0,7054.0,117.0,6312.0,124.0,,,excel
0.0,70.0,2,70.0,6994.0,70.0,7099.0,163.0,6312.0,124.0,csv_heatplate
0.0,70.0,3,70.0,7153.0,112.0,6633.0,120.0,,,excel
0.0,70.0,3,70.0,7035.0,69.0,7023.0,168.0,6633.0,120.0,csv_heatplate
0.0,70.0,4,70.0,7208.0,115.0,6429.0,124.0,,,excel
0.0,70.0,4,70.0,7018.0,71.0,6898.0,160.0,6429.0,124.0,csv_heatplate
0.0,70.0,5,71.0,7265.0,115.0,6431.0,121.0,,,excel
0.0,70.0,5,70.0,7132.0,70.0,7100.0,161.0,6431.0,121.0,csv_heatplate
0.0,80.0,1,81.0,8379.0,137.0,8285.0,152.0,,,excel
0.0,80.0,1,80.0,7935.0,70.0,8009.0,222.0,8285.0,152.0,csv_heatplate
0.0,80.0,2,82.0,8476.0,133.0,8227.0,152.0,,,excel
0.0,80.0,2,80.0,7896.0,69.0,8192.0,215.0,8227.0,152.0,csv_heatplate
0.0,80.0,3,84.0,8655.0,130.0,8476.0,157.0,,,excel
0.0,80.0,3,80.0,8127.0,71.0,8105.0,190.0,8476.0,157.0,csv_heatplate
0.0,80.0,4,85.0,8859.0,136.0,7739.0,150.0,,,excel
0.0,80.0,4,80.0,8084.0,69.0,8171.0,211.0,7739.0,150.0,csv_heatplate
0.0,80.0,5,87.0,8989.0,136.0,8789.0,154.0,,,excel
0.0,80.0,5,80.0,8073.0,70.0,7946.0,218.0,8789.0,154.0,csv_heatplate
0.1,25.0,1,25.0,2485.0,217.0,2470.0,233.0,,,excel
0.1,25.0,1,25.0,2586.0,86.0,2312.0,233.0,2470.0,233.0,csv_heatplate
0.1,25.0,2,25.0,2485.0,213.0,2526.0,237.0,,,excel
0.1,25.0,2,25.0,2491.0,85.0,2257.0,228.0,2526.0,237.0,csv_heatplate
0.1,25.0,3,26.0,2565.0,218.0,2587.0,231.0,,,excel
0.1,25.0,3,25.0,2596.0,86.0,2250.0,226.0,2587.0,231.0,csv_heatplate
0.1,25.0,4,26.0,2558.0,218.0,2614.0,240.0,,,excel
0.1,25.0,4,25.0,2545.0,85.0,2259.0,229.0,2614.0,240.0,csv_heatplate
0.1,25.0,5,26.0,2563.0,215.0,2587.0,237.0,,,excel
0.1,25.0,5,25.0,2487.0,87.0,2209.0,229.0,2587.0,237.0,csv_heatplate
0.1,30.0,1,30.0,2971.0,225.0,2821.0,247.0,,,excel
0.1,30.0,1,30.0,3009.0,92.0,3012.0,252.0,2821.0,247.0,csv_heatplate
0.1,30.0,2,31.0,2954.0,230.0,2841.0,248.0,,,excel
0.1,30.0,2,30.0,2903.0,95.0,3144.0,250.0,2841.0,248.0,csv_heatplate
0.1,30.0,3,30.0,3012.0,231.0,2908.0,249.0,,,excel
0.1,30.0,3,30.0,2971.0,93.0,3006.0,248.0,2908.0,249.0,csv_heatplate
0.1,30.0,4,31.0,2999.0,290.0,2838.0,246.0,,,excel
0.1,30.0,4,30.0,2946.0,95.0,2976.0,241.0,2838.0,246.0,csv_heatplate
0.1,30.0,5,30.0,2969.0,231.0,2856.0,244.0,,,excel
0.1,30.0,5,30.0,2926.0,96.0,2974.0,256.0,2856.0,244.0,csv_heatplate
0.1,40.0,1,40.0,3987.0,262.0,3666.0,233.0,,,excel
0.1,40.0,1,40.0,3912.0,103.0,3842.0,288.0,3666.0,233.0,csv_heatplate
0.1,40.0,2,40.0,3966.0,253.0,3602.0,278.0,,,excel
0.1,40.0,2,40.0,3990.0,103.0,3886.0,292.0,3602.0,278.0,csv_heatplate
0.1,40.0,3,41.0,4100.0,263.0,3845.0,279.0,,,excel
0.1,40.0,3,40.0,3976.0,108.0,3909.0,291.0,3845.0,279.0,csv_heatplate
0.1,40.0,4,40.0,3924.0,255.0,3546.0,276.0,,,excel
0.1,40.0,4,40.0,3939.0,100.0,3859.0,291.0,3546.0,276.0,csv_heatplate
0.1,40.0,5,40.0,3898.0,260.0,3510.0,273.0,,,excel
0.1,40.0,5,40.0,3898.0,103.0,3959.0,292.0,3510.0,273.0,csv_heatplate
0.1,50.0,1,51.0,4994.0,289.0,4649.0,319.0,,,excel
0.1,50.0,1,50.0,5091.0,115.0,4981.0,345.0,4649.0,319.0,csv_heatplate
0.1,50.0,2,50.0,4875.0,288.0,4359.0,310.0,,,excel
0.1,50.0,2,50.0,4957.0,114.0,4947.0,347.0,4359.0,310.0,csv_heatplate
0.1,50.0,3,50.0,5061.0,209.0,4724.0,322.0,,,excel
0.1,50.0,3,50.0,5013.0,112.0,4951.0,343.0,4724.0,322.0,csv_heatplate
0.1,50.0,4,51.0,5117.0,301.0,4541.0,325.0,,,excel
0.1,50.0,4,50.0,5068.0,124.0,5023.0,345.0,4541.0,325.0,csv_heatplate
0.1,50.0,5,51.0,5101.0,299.0,4764.0,318.0,,,excel
0.1,50.0,5,50.0,4910.0,119.0,5100.0,346.0,4764.0,318.0,csv_heatplate
0.1,60.0,1,60.0,6086.0,325.0,5584.0,353.0,,,excel
0.1,60.0,1,60.0,5902.0,124.0,5810.0,385.0,5584.0,353.0,csv_heatplate
0.1,60.0,2,60.0,6102.0,325.0,5373.0,345.0,,,excel
0.1,60.0,2,60.0,5946.0,124.0,5931.0,374.0,5373.0,345.0,csv_heatplate
0.1,60.0,3,60.0,6021.0,320.0,5348.0,548.0,,,excel
0.1,60.0,3,60.0,5897.0,126.0,6048.0,377.0,5348.0,548.0,csv_heatplate
0.1,60.0,4,60.0,6011.0,319.0,5430.0,348.0,,,excel
0.1,60.0,4,60.0,6021.0,122.0,6064.0,381.0,5430.0,348.0,csv_heatplate
0.1,60.0,5,60.0,5984.0,321.0,5421.0,356.0,,,excel
0.1,60.0,5,60.0,6045.0,125.0,6012.0,379.0,5421.0,356.0,csv_heatplate
0.1,70.0,1,71.0,7232.0,345.0,6450.0,387.0,,,excel
0.1,70.0,1,70.0,6913.0,130.0,6985.0,413.0,6450.0,387.0,csv_heatplate
0.1,70.0,2,70.0,6836.0,330.0,6108.0,378.0,,,excel
0.1,70.0,2,70.0,6845.0,132.0,7001.0,411.0,6108.0,378.0,csv_heatplate
0.1,70.0,3,70.0,7084.0,356.0,6499.0,394.0,,,excel
0.1,70.0,3,70.0,7064.0,132.0,7046.0,410.0,6499.0,394.0,csv_heatplate
0.1,70.0,4,72.0,7281.0,35.0,6794.0,348.0,,,excel
0.1,70.0,4,70.0,6841.0,134.0,7001.0,406.0,6794.0,348.0,csv_heatplate
0.1,70.0,5,71.0,7138.0,353.0,5697.0,389.0,,,excel
0.1,70.0,5,70.0,7162.0,131.0,6987.0,401.0,5697.0,389.0,csv_heatplate
0.1,80.0,1,80.0,7968.0,403.0,6277.0,414.0,,,excel
0.1,80.0,1,80.0,7999.0,144.0,8013.0,458.0,6277.0,414.0,csv_heatplate
0.1,80.0,2,82.0,8308.0,417.0,7599.0,459.0,,,excel
0.1,80.0,2,80.0,7906.0,145.0,7916.0,457.0,7599.0,459.0,csv_heatplate
0.1,80.0,3,81.0,8084.0,423.0,7305.0,447.0,,,excel
0.1,80.0,3,80.0,7938.0,142.0,7927.0,450.0,7305.0,447.0,csv_heatplate
0.1,80.0,4,80.0,8116.0,430.0,7001.0,441.0,,,excel
0.1,80.0,4,80.0,7999.0,140.0,7988.0,450.0,7001.0,441.0,csv_heatplate
0.1,80.0,5,80.0,8160.0,417.0,7501.0,437.0,,,excel
0.1,80.0,5,80.0,7856.0,142.0,7947.0,459.0,7501.0,437.0,csv_heatplate
0.2,25.0,1,25.0,2434.0,305.0,2423.0,116.0,,,excel
0.2,25.0,1,25.0,2173.0,115.0,2276.0,338.0,2423.0,116.0,csv_heatplate
0.2,25.0,2,25.0,2470.0,306.0,2529.0,339.0,,,excel
0.2,25.0,2,25.0,2121.0,116.0,2283.0,337.0,2529.0,339.0,csv_heatplate
0.2,25.0,3,26.0,2529.0,305.0,2567.0,234.0,,,excel
0.2,25.0,3,25.0,2261.0,115.0,2300.0,334.0,2567.0,234.0,csv_heatplate
0.2,25.0,4,26.0,2548.0,310.0,2611.0,341.0,,,excel
0.2,25.0,4,25.0,2052.0,116.0,2312.0,335.0,2611.0,341.0,csv_heatplate
0.2,25.0,5,26.0,2541.0,315.0,2553.0,337.0,,,excel
0.2,25.0,5,25.0,2090.0,115.0,2276.0,337.0,2553.0,337.0,csv_heatplate
0.2,30.0,1,30.0,2992.0,327.0,2878.0,352.0,,,excel
0.2,30.0,1,30.0,3010.0,133.0,3077.0,410.0,2878.0,352.0,csv_heatplate
0.2,30.0,2,30.0,2928.0,328.0,2739.0,348.0,,,excel
0.2,30.0,2,30.0,2921.0,130.0,3056.0,405.0,2739.0,348.0,csv_heatplate
0.2,30.0,3,30.0,2964.0,325.0,2898.0,360.0,,,excel
0.2,30.0,3,30.0,2923.0,132.0,2933.0,391.0,2898.0,360.0,csv_heatplate
0.2,30.0,4,30.0,2938.0,326.0,2781.0,354.0,,,excel
0.2,30.0,4,30.0,2883.0,132.0,3035.0,399.0,2781.0,354.0,csv_heatplate
0.2,30.0,5,30.0,2892.0,320.0,2702.0,351.0,,,excel
0.2,30.0,5,30.0,2891.0,131.0,2953.0,400.0,2702.0,351.0,csv_heatplate
0.2,40.0,1,40.0,3999.0,363.0,3524.0,393.0,,,excel
0.2,40.0,1,40.0,3915.0,146.0,3892.0,436.0,3524.0,393.0,csv_heatplate
0.2,40.0,2,41.0,4004.0,371.0,3692.0,405.0,,,excel
0.2,40.0,2,40.0,3993.0,147.0,4153.0,434.0,3692.0,405.0,csv_heatplate
0.2,40.0,3,40.0,3948.0,368.0,3661.0,408.0,,,excel
0.2,40.0,3,40.0,3918.0,147.0,4141.0,435.0,3661.0,408.0,csv_heatplate
0.2,40.0,4,40.0,4116.0,371.0,3723.0,409.0,,,excel
0.2,40.0,4,40.0,3939.0,148.0,4141.0,430.0,3723.0,409.0,csv_heatplate
0.2,40.0,5,41.0,4082.0,377.0,3709.0,408.0,,,excel
0.2,40.0,5,40.0,3930.0,147.0,4074.0,436.0,3709.0,408.0,csv_heatplate
0.2,50.0,1,50.0,5121.0,420.0,4469.0,454.0,,,excel
0.2,50.0,1,50.0,4827.0,163.0,5061.0,493.0,4469.0,454.0,csv_heatplate
0.2,50.0,2,50.0,4967.0,417.0,4408.0,451.0,,,excel
0.2,50.0,2,50.0,4906.0,162.0,5109.0,483.0,4408.0,451.0,csv_heatplate
0.2,50.0,3,50.0,4944.0,407.0,4554.0,457.0,,,excel
0.2,50.0,3,50.0,4864.0,162.0,4994.0,489.0,4554.0,457.0,csv_heatplate
0.2,50.0,4,50.0,4998.0,416.0,4493.0,457.0,,,excel
0.2,50.0,4,50.0,4963.0,164.0,4940.0,493.0,4493.0,457.0,csv_heatplate
0.2,50.0,5,50.0,5033.0,416.0,4527.0,455.0,,,excel
0.2,50.0,5,50.0,4960.0,163.0,4868.0,490.0,4527.0,455.0,csv_heatplate
0.2,60.0,1,60.0,6135.0,474.0,5443.0,510.0,,,excel
0.2,60.0,1,60.0,5958.0,184.0,6023.0,562.0,5443.0,510.0,csv_heatplate
0.2,60.0,2,60.0,6113.0,416.0,5448.0,466.0,,,excel
0.2,60.0,2,60.0,5986.0,185.0,6089.0,553.0,5448.0,466.0,csv_heatplate
0.2,60.0,3,60.0,5906.0,468.0,5228.0,454.0,,,excel
0.2,60.0,3,60.0,6100.0,184.0,6145.0,571.0,5228.0,454.0,csv_heatplate
0.2,60.0,4,60.0,6011.0,469.0,5312.0,499.0,,,excel
0.2,60.0,4,60.0,6037.0,181.0,6023.0,564.0,5312.0,499.0,csv_heatplate
0.2,60.0,5,60.0,6037.0,464.0,5249.0,510.0,,,excel
0.2,60.0,5,60.0,6074.0,182.0,5952.0,568.0,5249.0,510.0,csv_heatplate
0.2,70.0,1,70.0,6914.0,483.0,6219.0,538.0,,,excel
0.2,70.0,1,70.0,6924.0,188.0,7059.0,638.0,6219.0,538.0,csv_heatplate
0.2,70.0,2,70.0,7154.0,503.0,6248.0,565.0,,,excel
0.2,70.0,2,70.0,7008.0,192.0,7031.0,637.0,6248.0,565.0,csv_heatplate
0.2,70.0,3,70.0,7039.0,499.0,6353.0,544.0,,,excel
0.2,70.0,3,70.0,7089.0,191.0,6949.0,645.0,6353.0,544.0,csv_heatplate
0.2,70.0,4,70.0,7092.0,502.0,6169.0,560.0,,,excel
0.2,70.0,4,70.0,6894.0,190.0,7171.0,656.0,6169.0,560.0,csv_heatplate
0.2,70.0,5,70.0,7031.0,494.0,6419.0,544.0,,,excel
0.2,70.0,5,70.0,7100.0,193.0,6978.0,640.0,6419.0,544.0,csv_heatplate
0.2,80.0,1,81.0,7406.0,667.0,6767.0,714.0,,,excel
0.2,80.0,1,80.0,8100.0,205.0,7932.0,708.0,6767.0,714.0,csv_heatplate
0.2,80.0,2,82.0,8262.0,637.0,7645.0,769.0,,,excel
0.2,80.0,2,80.0,7964.0,199.0,7964.0,716.0,7645.0,769.0,csv_heatplate
0.2,80.0,3,83.0,8488.0,673.0,7256.0,772.0,,,excel
0.2,80.0,3,80.0,8046.0,198.0,8001.0,714.0,7256.0,772.0,csv_heatplate
0.2,80.0,4,84.0,8516.0,685.0,7937.0,791.0,,,excel
0.2,80.0,4,80.0,7835.0,199.0,8084.0,706.0,7937.0,791.0,csv_heatplate
0.2,80.0,5,85.0,8708.0,676.0,7988.0,795.0,,,excel
0.2,80.0,5,80.0,8142.0,196.0,8095.0,712.0,7988.0,795.0,csv_heatplate
0.3,25.0,1,25.0,2439.0,382.0,2444.0,401.0,,,excel
0.3,25.0,1,25.0,2209.0,147.0,2325.0,422.0,2444.0,401.0,csv_heatplate
0.3,25.0,2,25.0,2473.0,325.0,2519.0,124.0,,,excel
0.3,25.0,2,25.0,2238.0,147.0,2257.0,421.0,2519.0,124.0,csv_heatplate
0.3,25.0,3,26.0,2512.0,388.0,2565.0,389.0,,,excel
0.3,25.0,3,25.0,2207.0,147.0,2271.0,423.0,2565.0,389.0,csv_heatplate
0.3,25.0,4,26.0,2543.0,390.0,2602.0,406.0,,,excel
0.3,25.0,4,25.0,2185.0,148.0,2240.0,422.0,2602.0,406.0,csv_heatplate
0.3,25.0,5,26.0,2509.0,387.0,2524.0,414.0,,,excel
0.3,25.0,5,25.0,2192.0,146.0,2245.0,423.0,2524.0,414.0,csv_heatplate
0.3,30.0,1,30.0,2954.0,413.0,2836.0,419.0,,,excel
0.3,30.0,1,30.0,2969.0,163.0,2992.0,486.0,2836.0,419.0,csv_heatplate
0.3,30.0,2,30.0,2908.0,409.0,2813.0,430.0,,,excel
0.3,30.0,2,30.0,2956.0,135.0,3103.0,489.0,2813.0,430.0,csv_heatplate
0.3,30.0,3,30.0,2957.0,409.0,2878.0,397.0,,,excel
0.3,30.0,3,30.0,2911.0,163.0,3164.0,488.0,2878.0,397.0,csv_heatplate
0.3,30.0,4,30.0,2949.0,413.0,2781.0,412.0,,,excel
0.3,30.0,4,30.0,2893.0,164.0,3003.0,482.0,2781.0,412.0,csv_heatplate
0.3,30.0,5,30.0,2903.0,401.0,2702.0,427.0,,,excel
0.3,30.0,5,30.0,3002.0,165.0,2971.0,486.0,2702.0,427.0,csv_heatplate
0.3,40.0,1,40.0,3827.0,461.0,3469.0,494.0,,,excel
0.3,40.0,1,40.0,3880.0,189.0,4063.0,553.0,3469.0,494.0,csv_heatplate
0.3,40.0,2,40.0,3909.0,475.0,3647.0,503.0,,,excel
0.3,40.0,2,40.0,3956.0,187.0,3999.0,551.0,3647.0,503.0,csv_heatplate
0.3,40.0,3,41.0,3951.0,470.0,3669.0,504.0,,,excel
0.3,40.0,3,40.0,3907.0,183.0,3978.0,545.0,3669.0,504.0,csv_heatplate
0.3,40.0,4,40.0,3948.0,465.0,3663.0,503.0,,,excel
0.3,40.0,4,40.0,3930.0,185.0,3951.0,545.0,3663.0,503.0,csv_heatplate
0.3,40.0,5,40.0,3856.0,471.0,3543.0,501.0,,,excel
0.3,40.0,5,40.0,3921.0,188.0,3999.0,551.0,3543.0,501.0,csv_heatplate
0.3,50.0,1,50.0,4910.0,528.0,4392.0,563.0,,,excel
0.3,50.0,1,50.0,4936.0,202.0,5104.0,629.0,4392.0,563.0,csv_heatplate
0.3,50.0,2,50.0,4875.0,539.0,4379.0,577.0,,,excel
0.3,50.0,2,50.0,5026.0,202.0,5086.0,627.0,4379.0,577.0,csv_heatplate
0.3,50.0,3,50.0,4898.0,530.0,4258.0,505.0,,,excel
0.3,50.0,3,50.0,4929.0,203.0,5050.0,623.0,4258.0,505.0,csv_heatplate
0.3,50.0,4,50.0,4990.0,541.0,4449.0,534.0,,,excel
0.3,50.0,4,50.0,4920.0,201.0,4938.0,630.0,4449.0,534.0,csv_heatplate
0.3,50.0,5,50.0,4917.0,537.0,4589.0,458.0,,,excel
0.3,50.0,5,50.0,4952.0,203.0,5039.0,637.0,4589.0,458.0,csv_heatplate
0.3,60.0,1,61.0,5825.0,588.0,5191.0,537.0,,,excel
0.3,60.0,1,60.0,6041.0,217.0,5932.0,694.0,5191.0,537.0,csv_heatplate
0.3,60.0,2,61.0,5953.0,608.0,5377.0,616.0,,,excel
0.3,60.0,2,60.0,6023.0,218.0,6081.0,686.0,5377.0,616.0,csv_heatplate
0.3,60.0,3,60.0,5810.0,607.0,4944.0,608.0,,,excel
0.3,60.0,3,60.0,5915.0,217.0,6043.0,699.0,4944.0,608.0,csv_heatplate
0.3,60.0,4,60.0,5974.0,583.0,5249.0,634.0,,,excel
0.3,60.0,4,60.0,5987.0,219.0,6065.0,702.0,5249.0,634.0,csv_heatplate
0.3,60.0,5,60.0,6016.0,597.0,5501.0,610.0,,,excel
0.3,60.0,5,60.0,5968.0,216.0,5896.0,696.0,5501.0,610.0,csv_heatplate
0.3,70.0,1,70.0,7076.0,681.0,6180.0,731.0,,,excel
0.3,70.0,1,70.0,7011.0,233.0,6911.0,751.0,6180.0,731.0,csv_heatplate
0.3,70.0,2,70.0,7099.0,675.0,6474.0,704.0,,,excel
0.3,70.0,2,70.0,6912.0,231.0,6942.0,764.0,6474.0,704.0,csv_heatplate
0.3,70.0,3,70.0,7169.0,662.0,6318.0,692.0,,,excel
0.3,70.0,3,70.0,6843.0,228.0,6994.0,763.0,6318.0,692.0,csv_heatplate
0.3,70.0,4,70.0,6871.0,641.0,6916.0,679.0,,,excel
0.3,70.0,4,70.0,6851.0,228.0,7024.0,749.0,6916.0,679.0,csv_heatplate
0.3,70.0,5,71.0,7130.0,626.0,7196.0,500.0,,,excel
0.3,70.0,5,70.0,6900.0,232.0,6994.0,757.0,7196.0,500.0,csv_heatplate
0.3,80.0,1,80.0,7928.0,727.0,7240.0,727.0,,,excel
0.3,80.0,1,80.0,7967.0,242.0,8210.0,875.0,7240.0,727.0,csv_heatplate
0.3,80.0,2,80.0,7928.0,788.0,7009.0,741.0,,,excel
0.3,80.0,2,80.0,8105.0,240.0,8052.0,872.0,7009.0,741.0,csv_heatplate
0.3,80.0,3,80.0,8182.0,800.0,7787.0,935.0,,,excel
0.3,80.0,3,80.0,8025.0,239.0,8084.0,872.0,7787.0,935.0,csv_heatplate
0.3,80.0,4,83.0,8451.0,795.0,7501.0,935.0,,,excel
0.3,80.0,4,80.0,7939.0,237.0,7961.0,869.0,7501.0,935.0,csv_heatplate
0.3,80.0,5,83.0,8538.0,783.0,6914.0,954.0,,,excel
0.3,80.0,5,80.0,8062.0,239.0,7968.0,869.0,6914.0,954.0,csv_heatplate
0.4,25.0,1,25.0,2434.0,463.0,2451.0,524.0,,,excel
0.4,25.0,1,25.0,2335.0,180.0,2503.0,500.0,2451.0,524.0,csv_heatplate
0.4,25.0,2,24.0,2391.0,468.0,2461.0,532.0,,,excel
0.4,25.0,2,25.0,2297.0,181.0,2396.0,493.0,2461.0,532.0,csv_heatplate
0.4,25.0,3,24.0,2417.0,470.0,2444.0,522.0,,,excel
0.4,25.0,3,25.0,2364.0,183.0,2386.0,495.0,2444.0,522.0,csv_heatplate
0.4,25.0,4,24.0,2389.0,468.0,2410.0,529.0,,,excel
0.4,25.0,4,25.0,2388.0,182.0,2372.0,496.0,2410.0,529.0,csv_heatplate
0.4,25.0,5,24.0,2389.0,462.0,2264.0,524.0,,,excel
0.4,25.0,5,25.0,2269.0,179.0,2372.0,495.0,2264.0,524.0,csv_heatplate
0.4,30.0,1,32.0,3164.0,579.0,3169.0,591.0,,,excel
0.4,30.0,1,30.0,2901.0,197.0,2951.0,553.0,3169.0,591.0,csv_heatplate
0.4,30.0,2,31.0,3190.0,581.0,3148.0,591.0,,,excel
0.4,30.0,2,30.0,2959.0,198.0,3073.0,551.0,3148.0,591.0,csv_heatplate
0.4,30.0,3,32.0,3177.0,579.0,2881.0,577.0,,,excel
0.4,30.0,3,30.0,2923.0,198.0,3091.0,548.0,2881.0,577.0,csv_heatplate
0.4,30.0,4,31.0,3153.0,576.0,3130.0,588.0,,,excel
0.4,30.0,4,30.0,3020.0,198.0,3109.0,544.0,3130.0,588.0,csv_heatplate
0.4,30.0,5,31.0,3050.0,575.0,3027.0,519.0,,,excel
0.4,30.0,5,30.0,2949.0,196.0,3050.0,548.0,3027.0,519.0,csv_heatplate
0.4,40.0,1,39.0,,,3880.0,614.0,,,excel
0.4,40.0,1,40.0,3778.0,216.0,3987.0,629.0,3880.0,614.0,csv_heatplate
0.4,40.0,2,39.0,,,3862.0,645.0,,,excel
0.4,40.0,2,40.0,3833.0,223.0,4036.0,621.0,3862.0,645.0,csv_heatplate
0.4,40.0,3,39.0,,,3769.0,646.0,,,excel
0.4,40.0,3,40.0,3758.0,220.0,4022.0,624.0,3769.0,646.0,csv_heatplate
0.4,40.0,4,39.0,,,3375.0,647.0,,,excel
0.4,40.0,4,40.0,3781.0,222.0,4066.0,622.0,3375.0,647.0,csv_heatplate
0.4,40.0,5,39.0,,,3585.0,626.0,,,excel
0.4,40.0,5,40.0,3862.0,221.0,4044.0,624.0,3585.0,626.0,csv_heatplate
0.4,50.0,1,50.0,,,5037.0,738.0,,,excel
0.4,50.0,1,50.0,4857.0,247.0,5174.0,707.0,5037.0,738.0,csv_heatplate
0.4,50.0,2,51.0,,,4955.0,739.0,,,excel
0.4,50.0,2,50.0,4954.0,249.0,5266.0,704.0,4955.0,739.0,csv_heatplate
0.4,50.0,3,50.0,,,5041.0,740.0,,,excel
0.4,50.0,3,50.0,4915.0,248.0,5166.0,709.0,5041.0,740.0,csv_heatplate
0.4,50.0,4,50.0,,,5037.0,706.0,,,excel
0.4,50.0,4,50.0,5105.0,249.0,5191.0,702.0,5037.0,706.0,csv_heatplate
0.4,50.0,5,50.0,,,4921.0,738.0,,,excel
0.4,50.0,5,50.0,5021.0,249.0,5182.0,707.0,4921.0,738.0,csv_heatplate
0.4,60.0,1,61.0,,,6152.0,835.0,,,excel
0.4,60.0,1,60.0,5880.0,265.0,6048.0,759.0,6152.0,835.0,csv_heatplate
0.4,60.0,2,62.0,,,6219.0,832.0,,,excel
0.4,60.0,2,60.0,5921.0,264.0,5932.0,759.0,6219.0,832.0,csv_heatplate
0.4,60.0,3,62.0,,,6169.0,835.0,,,excel
0.4,60.0,3,60.0,5835.0,265.0,5697.0,755.0,6169.0,835.0,csv_heatplate
0.4,60.0,4,62.0,,,6146.0,831.0,,,excel
0.4,60.0,4,60.0,5906.0,268.0,5741.0,764.0,6146.0,831.0,csv_heatplate
0.4,60.0,5,62.0,,,6191.0,828.0,,,excel
0.4,60.0,5,60.0,5886.0,267.0,5815.0,768.0,6191.0,828.0,csv_heatplate
0.4,70.0,1,74.0,,,7208.0,941.0,,,excel
0.4,70.0,1,70.0,6815.0,286.0,7076.0,843.0,7208.0,941.0,csv_heatplate
0.4,70.0,2,74.0,,,7380.0,934.0,,,excel
0.4,70.0,2,70.0,6843.0,285.0,6943.0,815.0,7380.0,934.0,csv_heatplate
0.4,70.0,3,74.0,,,7423.0,930.0,,,excel
0.4,70.0,3,70.0,6994.0,281.0,6994.0,838.0,7423.0,930.0,csv_heatplate
0.4,70.0,4,73.0,,,7297.0,932.0,,,excel
0.4,70.0,4,70.0,6987.0,282.0,6843.0,841.0,7297.0,932.0,csv_heatplate
0.4,70.0,5,73.0,,,7338.0,933.0,,,excel
0.4,70.0,5,70.0,6994.0,280.0,7009.0,833.0,7338.0,933.0,csv_heatplate
0.4,80.0,1,79.0,,,7009.0,970.0,,,excel
0.4,80.0,1,80.0,7937.0,294.0,7807.0,883.0,7009.0,970.0,csv_heatplate
0.4,80.0,2,79.0,,,7431.0,978.0,,,excel
0.4,80.0,2,80.0,7937.0,294.0,7947.0,873.0,7431.0,978.0,csv_heatplate
0.4,80.0,3,79.0,,,7099.0,943.0,,,excel
0.4,80.0,3,80.0,7856.0,289.0,7787.0,872.0,7099.0,943.0,csv_heatplate
0.4,80.0,4,78.0,,,7749.0,990.0,,,excel
0.4,80.0,4,80.0,7947.0,288.0,7992.0,880.0,7749.0,990.0,csv_heatplate
0.4,80.0,5,78.0,,,6753.0,939.0,,,excel
0.4,80.0,5,80.0,7836.0,289.0,7927.0,883.0,6753.0,939.0,csv_heatplate
0.5,25.0,1,25.0,2516.0,567.0,2478.0,520.0,,,excel
0.5,25.0,1,25.0,2490.0,213.0,2384.0,566.0,2478.0,520.0,csv_heatplate
0.5,25.0,2,25.0,2456.0,524.0,2442.0,562.0,,,excel
0.5,25.0,2,25.0,2589.0,212.0,2374.0,568.0,2442.0,562.0,csv_heatplate
0.5,25.0,3,24.0,2410.0,517.0,2449.0,589.0,,,excel
0.5,25.0,3,25.0,2555.0,213.0,2393.0,570.0,2449.0,589.0,csv_heatplate
0.5,25.0,4,24.0,2424.0,523.0,2401.0,592.0,,,excel
0.5,25.0,4,25.0,2555.0,212.0,2379.0,566.0,2401.0,592.0,csv_heatplate
0.5,25.0,5,24.0,2389.0,518.0,2415.0,590.0,,,excel
0.5,25.0,5,25.0,2548.0,212.0,2489.0,570.0,2415.0,590.0,csv_heatplate
0.5,30.0,1,31.0,2994.0,585.0,2969.0,647.0,,,excel
0.5,30.0,1,30.0,2966.0,225.0,3032.0,627.0,2969.0,647.0,csv_heatplate
0.5,30.0,2,31.0,3060.0,582.0,3037.0,645.0,,,excel
0.5,30.0,2,30.0,2926.0,227.0,3071.0,629.0,3037.0,645.0,csv_heatplate
0.5,30.0,3,31.0,3099.0,591.0,3055.0,658.0,,,excel
0.5,30.0,3,30.0,2921.0,226.0,3027.0,625.0,3055.0,658.0,csv_heatplate
0.5,30.0,4,31.0,3107.0,580.0,3035.0,654.0,,,excel
0.5,30.0,4,30.0,2984.0,229.0,3017.0,629.0,3035.0,654.0,csv_heatplate
0.5,30.0,5,31.0,3043.0,586.0,3009.0,648.0,,,excel
0.5,30.0,5,30.0,2931.0,228.0,2951.0,626.0,3009.0,648.0,csv_heatplate
0.5,40.0,1,41.0,,,3695.0,780.0,,,excel
0.5,40.0,1,40.0,4125.0,257.0,4197.0,726.0,3695.0,780.0,csv_heatplate
0.5,40.0,2,40.0,,,3915.0,750.0,,,excel
0.5,40.0,2,40.0,3942.0,257.0,4066.0,735.0,3915.0,750.0,csv_heatplate
0.5,40.0,3,41.0,,,3786.0,751.0,,,excel
0.5,40.0,3,40.0,3978.0,258.0,4113.0,737.0,3786.0,751.0,csv_heatplate
0.5,40.0,4,41.0,,,3842.0,750.0,,,excel
0.5,40.0,4,40.0,3921.0,256.0,4184.0,733.0,3842.0,750.0,csv_heatplate
0.5,40.0,5,41.0,,,3933.0,743.0,,,excel
0.5,40.0,5,40.0,3912.0,260.0,4076.0,737.0,3933.0,743.0,csv_heatplate
0.5,50.0,1,50.0,,,4816.0,831.0,,,excel
0.5,50.0,1,50.0,5191.0,287.0,5203.0,808.0,4816.0,831.0,csv_heatplate
0.5,50.0,2,50.0,,,4274.0,827.0,,,excel
0.5,50.0,2,50.0,4967.0,285.0,5174.0,820.0,4274.0,827.0,csv_heatplate
0.5,50.0,3,50.0,,,4287.0,826.0,,,excel
0.5,50.0,3,50.0,5093.0,284.0,5049.0,812.0,4287.0,826.0,csv_heatplate
0.5,50.0,4,50.0,,,4600.0,829.0,,,excel
0.5,50.0,4,50.0,4979.0,284.0,5117.0,819.0,4600.0,829.0,csv_heatplate
0.5,50.0,5,50.0,,,4554.0,822.0,,,excel
0.5,50.0,5,50.0,4842.0,283.0,5133.0,812.0,4554.0,822.0,csv_heatplate
0.5,60.0,1,62.0,,,5927.0,942.0,,,excel
0.5,60.0,1,60.0,5756.0,300.0,6165.0,873.0,5927.0,942.0,csv_heatplate
0.5,60.0,2,63.0,,,5850.0,934.0,,,excel
0.5,60.0,2,60.0,5854.0,299.0,6016.0,870.0,5850.0,934.0,csv_heatplate
0.5,60.0,3,63.0,,,5906.0,936.0,,,excel
0.5,60.0,3,60.0,6108.0,304.0,6119.0,887.0,5906.0,936.0,csv_heatplate
0.5,60.0,4,62.0,,,5805.0,932.0,,,excel
0.5,60.0,4,60.0,5953.0,303.0,5927.0,885.0,5805.0,932.0,csv_heatplate
0.5,60.0,5,61.0,,,5891.0,927.0,,,excel
0.5,60.0,5,60.0,6102.0,305.0,5989.0,875.0,5891.0,927.0,csv_heatplate
0.5,70.0,1,73.0,,,7001.0,1024.0,,,excel
0.5,70.0,1,70.0,6943.0,312.0,6907.0,937.0,7001.0,1024.0,csv_heatplate
0.5,70.0,2,74.0,,,7031.0,1038.0,,,excel
0.5,70.0,2,70.0,6950.0,315.0,6987.0,927.0,7031.0,1038.0,csv_heatplate
0.5,70.0,3,74.0,,,7076.0,1037.0,,,excel
0.5,70.0,3,70.0,6900.0,315.0,6965.0,932.0,7076.0,1037.0,csv_heatplate
0.5,70.0,4,74.0,,,7153.0,1024.0,,,excel
0.5,70.0,4,70.0,6943.0,312.0,6943.0,916.0,7153.0,1024.0,csv_heatplate
0.5,70.0,5,74.0,,,7177.0,1035.0,,,excel
0.5,70.0,5,70.0,6950.0,312.0,6836.0,924.0,7177.0,1035.0,csv_heatplate
0.5,80.0,1,81.0,,,7527.0,1109.0,,,excel
0.5,80.0,1,80.0,7866.0,327.0,7978.0,995.0,7527.0,1109.0,csv_heatplate
0.5,80.0,2,82.0,,,7787.0,1079.0,,,excel
0.5,80.0,2,80.0,8009.0,320.0,8009.0,981.0,7787.0,1079.0,csv_heatplate
0.5,80.0,3,82.0,,,7645.0,1090.0,,,excel
0.5,80.0,3,80.0,7988.0,322.0,7947.0,984.0,7645.0,1090.0,csv_heatplate
0.5,80.0,4,83.0,,,7787.0,1106.0,,,excel
0.5,80.0,4,80.0,7916.0,318.0,7947.0,977.0,7787.0,1106.0,csv_heatplate
0.5,80.0,5,83.0,,,7749.0,1111.0,,,excel
0.5,80.0,5,80.0,7937.0,318.0,7886.0,970.0,7749.0,1111.0,csv_heatplate
0.6,25.0,1,24.0,2401.0,587.0,2357.0,665.0,,,excel
0.6,25.0,1,25.0,2577.0,238.0,2454.0,639.0,2357.0,665.0,csv_heatplate
0.6,25.0,2,24.0,2317.0,583.0,2389.0,668.0,,,excel
0.6,25.0,2,25.0,2524.0,238.0,2459.0,638.0,2389.0,668.0,csv_heatplate
0.6,25.0,3,24.0,2377.0,587.0,2357.0,667.0,,,excel
0.6,25.0,3,25.0,2572.0,237.0,2407.0,638.0,2357.0,667.0,csv_heatplate
0.6,25.0,4,24.0,2379.0,573.0,2345.0,658.0,,,excel
0.6,25.0,4,25.0,2541.0,237.0,2466.0,643.0,2345.0,658.0,csv_heatplate
0.6,25.0,5,23.0,2374.0,578.0,2381.0,663.0,,,excel
0.6,25.0,5,25.0,2527.0,236.0,2433.0,637.0,2381.0,663.0,csv_heatplate
0.6,30.0,1,30.0,2888.0,699.0,3002.0,728.0,,,excel
0.6,30.0,1,30.0,2908.0,254.0,2984.0,704.0,3002.0,728.0,csv_heatplate
0.6,30.0,2,30.0,3032.0,714.0,3007.0,734.0,,,excel
0.6,30.0,2,30.0,2896.0,254.0,2964.0,705.0,3007.0,734.0,csv_heatplate
0.6,30.0,3,31.0,3066.0,709.0,2883.0,744.0,,,excel
0.6,30.0,3,30.0,2886.0,254.0,2951.0,704.0,2883.0,744.0,csv_heatplate
0.6,30.0,4,31.0,3130.0,724.0,3083.0,737.0,,,excel
0.6,30.0,4,30.0,2911.0,254.0,2979.0,706.0,3083.0,737.0,csv_heatplate
0.6,30.0,5,31.0,3161.0,737.0,3094.0,744.0,,,excel
0.6,30.0,5,30.0,2866.0,254.0,2979.0,712.0,3094.0,744.0,csv_heatplate
0.6,40.0,1,40.0,3725.0,794.0,3546.0,832.0,,,excel
0.6,40.0,1,40.0,3815.0,282.0,4039.0,802.0,3546.0,832.0,csv_heatplate
0.6,40.0,2,39.0,3945.0,802.0,3599.0,834.0,,,excel
0.6,40.0,2,40.0,3856.0,281.0,3886.0,796.0,3599.0,834.0,csv_heatplate
0.6,40.0,3,39.0,3942.0,808.0,3568.0,834.0,,,excel
0.6,40.0,3,40.0,3763.0,283.0,3969.0,806.0,3568.0,834.0,csv_heatplate
0.6,40.0,4,39.0,3862.0,768.0,3610.0,823.0,,,excel
0.6,40.0,4,40.0,3772.0,281.0,3856.0,799.0,3610.0,823.0,csv_heatplate
0.6,40.0,5,41.0,,,3613.0,876.0,,,excel
0.6,40.0,5,40.0,3799.0,282.0,3898.0,809.0,3613.0,876.0,csv_heatplate
0.6,50.0,1,52.0,,,4688.0,948.0,,,excel
0.6,50.0,1,50.0,4894.0,309.0,4932.0,884.0,4688.0,948.0,csv_heatplate
0.6,50.0,2,52.0,,,4948.0,947.0,,,excel
0.6,50.0,2,50.0,4860.0,306.0,4801.0,877.0,4948.0,947.0,csv_heatplate
0.6,50.0,3,52.0,,,5077.0,953.0,,,excel
0.6,50.0,3,50.0,4713.0,308.0,5029.0,871.0,5077.0,953.0,csv_heatplate
0.6,50.0,4,52.0,,,5065.0,944.0,,,excel
0.6,50.0,4,50.0,4790.0,309.0,4929.0,879.0,5065.0,944.0,csv_heatplate
0.6,50.0,5,53.0,,,5018.0,952.0,,,excel
0.6,50.0,5,50.0,4835.0,309.0,4887.0,878.0,5018.0,952.0,csv_heatplate
0.6,60.0,1,60.0,,,5538.0,1052.0,,,excel
0.6,60.0,1,60.0,5895.0,331.0,5927.0,958.0,5538.0,1052.0,csv_heatplate
0.6,60.0,2,62.0,,,5678.0,889.0,,,excel
0.6,60.0,2,60.0,5830.0,332.0,5911.0,955.0,5678.0,889.0,csv_heatplate
0.6,60.0,3,63.0,,,5865.0,1045.0,,,excel
0.6,60.0,3,60.0,5916.0,327.0,5969.0,952.0,5865.0,1045.0,csv_heatplate
0.6,60.0,4,62.0,,,5683.0,1063.0,,,excel
0.6,60.0,4,60.0,5865.0,328.0,5963.0,950.0,5683.0,1063.0,csv_heatplate
0.6,60.0,5,62.0,,,5673.0,1047.0,,,excel
0.6,60.0,5,60.0,5896.0,329.0,5830.0,952.0,5673.0,1047.0,csv_heatplate
0.6,70.0,1,72.0,,,6288.0,1125.0,,,excel
0.6,70.0,1,70.0,6836.0,348.0,6921.0,1036.0,6288.0,1125.0,csv_heatplate
0.6,70.0,2,72.0,,,7107.0,1104.0,,,excel
0.6,70.0,2,70.0,6876.0,351.0,6808.0,1020.0,7107.0,1104.0,csv_heatplate
0.6,70.0,3,72.0,,,6787.0,1117.0,,,excel
0.6,70.0,3,70.0,6801.0,341.0,7016.0,1035.0,6787.0,1117.0,csv_heatplate
0.6,70.0,4,72.0,,,7024.0,1123.0,,,excel
0.6,70.0,4,70.0,6921.0,343.0,6965.0,1044.0,7024.0,1123.0,csv_heatplate
0.6,70.0,5,72.0,,,7001.0,1121.0,,,excel
0.6,70.0,5,70.0,6871.0,341.0,6829.0,1045.0,7001.0,1121.0,csv_heatplate
0.6,80.0,1,87.0,,,8308.0,1225.0,,,excel
0.6,80.0,1,80.0,8052.0,343.0,7846.0,1094.0,8308.0,1225.0,csv_heatplate
0.6,80.0,2,87.0,,,8160.0,1251.0,,,excel
0.6,80.0,2,80.0,7906.0,342.0,7906.0,1097.0,8160.0,1251.0,csv_heatplate
0.6,80.0,3,87.0,,,8379.0,1265.0,,,excel
0.6,80.0,3,80.0,7806.0,345.0,7876.0,1066.0,8379.0,1265.0,csv_heatplate
0.6,80.0,4,87.0,,,8182.0,1262.0,,,excel
0.6,80.0,4,80.0,8009.0,344.0,7937.0,1076.0,8182.0,1262.0,csv_heatplate
0.6,80.0,5,87.0,,,8182.0,1237.0,,,excel
0.6,80.0,5,80.0,7916.0,350.0,8020.0,1075.0,8182.0,1237.0,csv_heatplate
0.7,25.0,1,24.0,2422.0,653.0,2434.0,736.0,,,excel
0.7,25.0,1,25.0,2611.0,259.0,2474.0,705.0,2434.0,736.0,csv_heatplate
0.7,25.0,2,24.0,2305.0,653.0,2434.0,735.0,,,excel
0.7,25.0,2,25.0,2616.0,262.0,2443.0,707.0,2434.0,735.0,csv_heatplate
0.7,25.0,3,24.0,2398.0,640.0,2442.0,728.0,,,excel
0.7,25.0,3,25.0,2602.0,261.0,2469.0,693.0,2442.0,728.0,csv_heatplate
0.7,25.0,4,24.0,2381.0,638.0,2442.0,693.0,,,excel
0.7,25.0,4,25.0,2565.0,259.0,2460.0,703.0,2442.0,693.0,csv_heatplate
0.7,25.0,5,24.0,2309.0,643.0,2439.0,733.0,,,excel
0.7,25.0,5,25.0,2621.0,262.0,2433.0,707.0,2439.0,733.0,csv_heatplate
0.7,30.0,1,31.0,3045.0,710.0,3107.0,808.0,,,excel
0.7,30.0,1,30.0,2908.0,278.0,3027.0,784.0,3107.0,808.0,csv_heatplate
0.7,30.0,2,31.0,3070.0,729.0,3089.0,815.0,,,excel
0.7,30.0,2,30.0,3020.0,280.0,3090.0,783.0,3089.0,815.0,csv_heatplate
0.7,30.0,3,31.0,3068.0,728.0,3060.0,813.0,,,excel
0.7,30.0,3,30.0,2992.0,280.0,3107.0,787.0,3060.0,813.0,csv_heatplate
0.7,30.0,4,31.0,3050.0,704.0,3060.0,805.0,,,excel
0.7,30.0,4,30.0,2989.0,273.0,3014.0,783.0,3060.0,805.0,csv_heatplate
0.7,30.0,5,31.0,2966.0,709.0,3030.0,802.0,,,excel
0.7,30.0,5,30.0,2979.0,279.0,3114.0,778.0,3030.0,802.0,csv_heatplate
0.7,40.0,1,41.0,,,3895.0,832.0,,,excel
0.7,40.0,1,40.0,4153.0,314.0,3969.0,895.0,3895.0,832.0,csv_heatplate
0.7,40.0,2,41.0,,,4008.0,927.0,,,excel
0.7,40.0,2,40.0,4116.0,310.0,4020.0,896.0,4008.0,927.0,csv_heatplate
0.7,40.0,3,41.0,,,4030.0,926.0,,,excel
0.7,40.0,3,40.0,4054.0,312.0,4216.0,898.0,4030.0,926.0,csv_heatplate
0.7,40.0,4,41.0,,,4012.0,922.0,,,excel
0.7,40.0,4,40.0,4107.0,310.0,4248.0,895.0,4012.0,922.0,csv_heatplate
0.7,40.0,5,41.0,,,3963.0,924.0,,,excel
0.7,40.0,5,40.0,3853.0,310.0,4123.0,896.0,3963.0,924.0,csv_heatplate
0.7,50.0,1,51.0,,,4963.0,1042.0,,,excel
0.7,50.0,1,50.0,5283.0,341.0,5147.0,988.0,4963.0,1042.0,csv_heatplate
0.7,50.0,2,52.0,,,4990.0,903.0,,,excel
0.7,50.0,2,50.0,5154.0,338.0,5261.0,988.0,4990.0,903.0,csv_heatplate
0.7,50.0,3,51.0,,,5029.0,1033.0,,,excel
0.7,50.0,3,50.0,5257.0,335.0,5266.0,980.0,5029.0,1033.0,csv_heatplate
0.7,50.0,4,51.0,,,4834.0,1034.0,,,excel
0.7,50.0,4,50.0,4952.0,340.0,5195.0,982.0,4834.0,1034.0,csv_heatplate
0.7,50.0,5,52.0,,,5129.0,1023.0,,,excel
0.7,50.0,5,50.0,5045.0,339.0,5168.0,981.0,5129.0,1023.0,csv_heatplate
0.7,60.0,1,60.0,,,5974.0,1099.0,,,excel
0.7,60.0,1,60.0,5880.0,356.0,5968.0,1020.0,5974.0,1099.0,csv_heatplate
0.7,60.0,2,60.0,,,5953.0,1104.0,,,excel
0.7,60.0,2,60.0,5886.0,356.0,5836.0,1017.0,5953.0,1104.0,csv_heatplate
0.7,60.0,3,60.0,,,5880.0,1103.0,,,excel
0.7,60.0,3,60.0,5785.0,349.0,5921.0,1013.0,5880.0,1103.0,csv_heatplate
0.7,60.0,4,61.0,,,5911.0,1101.0,,,excel
0.7,60.0,4,60.0,5820.0,349.0,5921.0,1017.0,5911.0,1101.0,csv_heatplate
0.7,60.0,5,61.0,,,5911.0,1103.0,,,excel
0.7,60.0,5,60.0,5974.0,349.0,5805.0,1007.0,5911.0,1103.0,csv_heatplate
0.7,70.0,1,73.0,,,7145.0,1223.0,,,excel
0.7,70.0,1,70.0,6936.0,368.0,7069.0,1097.0,7145.0,1223.0,csv_heatplate
0.7,70.0,2,73.0,,,7092.0,1211.0,,,excel
0.7,70.0,2,70.0,6943.0,366.0,6907.0,1079.0,7092.0,1211.0,csv_heatplate
0.7,70.0,3,74.0,,,7289.0,1196.0,,,excel
0.7,70.0,3,70.0,6957.0,364.0,7145.0,1083.0,7289.0,1196.0,csv_heatplate
0.7,70.0,4,74.0,,,7448.0,1208.0,,,excel
0.7,70.0,4,70.0,6936.0,361.0,7161.0,1084.0,7448.0,1208.0,csv_heatplate
0.7,70.0,5,74.0,,,7273.0,1201.0,,,excel
0.7,70.0,5,70.0,6885.0,360.0,7076.0,1093.0,7273.0,1201.0,csv_heatplate
0.7,80.0,1,81.0,,,7856.0,1280.0,,,excel
0.7,80.0,1,80.0,7999.0,375.0,8073.0,1141.0,7856.0,1280.0,csv_heatplate
0.7,80.0,2,82.0,,,8238.0,1283.0,,,excel
0.7,80.0,2,80.0,7947.0,366.0,8030.0,1132.0,8238.0,1283.0,csv_heatplate
0.7,80.0,3,82.0,,,8182.0,1257.0,,,excel
0.7,80.0,3,80.0,7856.0,363.0,7846.0,1141.0,8182.0,1257.0,csv_heatplate
0.7,80.0,4,82.0,,,8062.0,1280.0,,,excel
0.7,80.0,4,80.0,7807.0,365.0,7907.0,1126.0,8062.0,1280.0,csv_heatplate
0.7,80.0,5,82.0,,,7896.0,1263.0,,,excel
0.7,80.0,5,80.0,7856.0,363.0,8138.0,1111.0,7896.0,1263.0,csv_heatplate
0.8,25.0,1,22.0,,,2223.0,774.0,,,excel
0.8,25.0,1,25.0,2483.0,288.0,2599.0,850.0,2223.0,774.0,csv_heatplate
0.8,25.0,2,22.0,,,2204.0,775.0,,,excel
0.8,25.0,2,25.0,2665.0,288.0,2594.0,846.0,2204.0,775.0,csv_heatplate
0.8,25.0,3,22.0,,,2202.0,771.0,,,excel
0.8,25.0,3,25.0,2665.0,291.0,2616.0,825.0,2202.0,771.0,csv_heatplate
0.8,25.0,4,22.0,,,2197.0,772.0,,,excel
0.8,25.0,4,25.0,2661.0,290.0,2604.0,830.0,2197.0,772.0,csv_heatplate
0.8,25.0,5,22.0,,,2192.0,774.0,,,excel
0.8,25.0,5,25.0,2660.0,290.0,2648.0,833.0,2192.0,774.0,csv_heatplate
0.8,30.0,1,33.0,,,3171.0,744.0,,,excel
0.8,30.0,1,30.0,2994.0,303.0,3063.0,856.0,3171.0,744.0,csv_heatplate
0.8,30.0,2,34.0,,,3289.0,886.0,,,excel
0.8,30.0,2,30.0,2936.0,307.0,3083.0,857.0,3289.0,886.0,csv_heatplate
0.8,30.0,3,35.0,,,3367.0,899.0,,,excel
0.8,30.0,3,30.0,2956.0,307.0,2951.0,840.0,3367.0,899.0,csv_heatplate
0.8,30.0,4,34.0,,,3281.0,901.0,,,excel
0.8,30.0,4,30.0,2951.0,305.0,3055.0,853.0,3281.0,901.0,csv_heatplate
0.8,30.0,5,34.0,,,3393.0,911.0,,,excel
0.8,30.0,5,30.0,3022.0,308.0,3050.0,859.0,3393.0,911.0,csv_heatplate
0.8,40.0,1,47.0,,,4015.0,1024.0,,,excel
0.8,40.0,1,40.0,3980.0,334.0,4110.0,956.0,4015.0,1024.0,csv_heatplate
0.8,40.0,2,45.0,,,4575.0,1027.0,,,excel
0.8,40.0,2,40.0,3810.0,336.0,4021.0,963.0,4575.0,1027.0,csv_heatplate
0.8,40.0,3,46.0,,,4220.0,1012.0,,,excel
0.8,40.0,3,40.0,3815.0,336.0,4116.0,956.0,4220.0,1012.0,csv_heatplate
0.8,40.0,4,46.0,,,4045.0,1010.0,,,excel
0.8,40.0,4,40.0,3975.0,334.0,3972.0,956.0,4045.0,1010.0,csv_heatplate
0.8,40.0,5,46.0,,,4496.0,1027.0,,,excel
0.8,40.0,5,40.0,4018.0,334.0,3936.0,957.0,4496.0,1027.0,csv_heatplate
0.8,50.0,1,51.0,,,5089.0,1071.0,,,excel
0.8,50.0,1,50.0,4902.0,358.0,5006.0,1052.0,5089.0,1071.0,csv_heatplate
0.8,50.0,2,52.0,,,5137.0,1074.0,,,excel
0.8,50.0,2,50.0,4910.0,354.0,4879.0,1054.0,5137.0,1074.0,csv_heatplate
0.8,50.0,3,52.0,,,5077.0,1079.0,,,excel
0.8,50.0,3,50.0,4932.0,360.0,4963.0,1050.0,5077.0,1079.0,csv_heatplate
0.8,50.0,4,52.0,,,5162.0,1075.0,,,excel
0.8,50.0,4,50.0,4907.0,358.0,4936.0,1053.0,5162.0,1075.0,csv_heatplate
0.8,50.0,5,52.0,,,5150.0,1075.0,,,excel
0.8,50.0,5,50.0,4879.0,356.0,5045.0,1056.0,5150.0,1075.0,csv_heatplate
0.8,60.0,1,62.0,,,6097.0,1170.0,,,excel
0.8,60.0,1,60.0,6037.0,369.0,6032.0,1158.0,6097.0,1170.0,csv_heatplate
0.8,60.0,2,62.0,,,5969.0,1170.0,,,excel
0.8,60.0,2,60.0,5932.0,376.0,5880.0,1154.0,5969.0,1170.0,csv_heatplate
0.8,60.0,3,62.0,,,6141.0,1180.0,,,excel
0.8,60.0,3,60.0,5911.0,382.0,5968.0,1154.0,6141.0,1180.0,csv_heatplate
0.8,60.0,4,62.0,,,6130.0,1158.0,,,excel
0.8,60.0,4,60.0,6026.0,374.0,5937.0,1154.0,6130.0,1158.0,csv_heatplate
0.8,60.0,5,62.0,,,6108.0,1171.0,,,excel
0.8,60.0,5,60.0,5945.0,374.0,5955.0,1158.0,6108.0,1171.0,csv_heatplate
0.8,70.0,1,70.0,,,6871.0,1275.0,,,excel
0.8,70.0,1,70.0,6857.0,393.0,6878.0,1245.0,6871.0,1275.0,csv_heatplate
0.8,70.0,2,70.0,,,6957.0,1280.0,,,excel
0.8,70.0,2,70.0,6943.0,389.0,7009.0,1242.0,6957.0,1280.0,csv_heatplate
0.8,70.0,3,70.0,,,6943.0,1278.0,,,excel
0.8,70.0,3,70.0,6822.0,388.0,7016.0,1224.0,6943.0,1278.0,csv_heatplate
0.8,70.0,4,70.0,,,6987.0,1272.0,,,excel
0.8,70.0,4,70.0,6843.0,391.0,7039.0,1211.0,6987.0,1272.0,csv_heatplate
0.8,70.0,5,70.0,,,6957.0,1292.0,,,excel
0.8,70.0,5,70.0,6954.0,388.0,6979.0,1233.0,6957.0,1292.0,csv_heatplate
0.8,80.0,1,86.0,,,8501.0,1635.0,,,excel
0.8,80.0,1,80.0,7954.0,399.0,8073.0,1355.0,8501.0,1635.0,csv_heatplate
0.8,80.0,2,86.0,,,7338.0,1591.0,,,excel
0.8,80.0,2,80.0,8171.0,388.0,8205.0,1338.0,7338.0,1591.0,csv_heatplate
0.8,80.0,3,86.0,,,8250.0,1583.0,,,excel
0.8,80.0,3,80.0,8105.0,393.0,8182.0,1339.0,8250.0,1583.0,csv_heatplate
0.8,80.0,4,86.0,,,7076.0,1562.0,,,excel
0.8,80.0,4,80.0,7963.0,388.0,7947.0,1337.0,7076.0,1562.0,csv_heatplate
0.8,80.0,5,86.0,,,7999.0,1531.0,,,excel
0.8,80.0,5,80.0,8227.0,380.0,7826.0,1332.0,7999.0,1531.0,csv_heatplate
0.9,25.0,1,23.0,,,2102.0,803.0,,,excel
0.9,25.0,1,25.0,2538.0,309.0,2470.0,866.0,2102.0,803.0,csv_heatplate
0.9,25.0,2,23.0,,,2281.0,822.0,,,excel
0.9,25.0,2,25.0,2560.0,306.0,2609.0,869.0,2281.0,822.0,csv_heatplate
0.9,25.0,3,23.0,,,2259.0,825.0,,,excel
0.9,25.0,3,25.0,2553.0,308.0,2563.0,856.0,2259.0,825.0,csv_heatplate
0.9,25.0,4,23.0,,,2264.0,825.0,,,excel
0.9,25.0,4,25.0,2541.0,307.0,2560.0,866.0,2264.0,825.0,csv_heatplate
0.9,25.0,5,23.0,,,2245.0,828.0,,,excel
0.9,25.0,5,25.0,2531.0,306.0,2538.0,860.0,2245.0,828.0,csv_heatplate
0.9,30.0,1,32.0,,,3164.0,925.0,,,excel
0.9,30.0,1,30.0,2987.0,324.0,3112.0,914.0,3164.0,925.0,csv_heatplate
0.9,30.0,2,32.0,,,3203.0,937.0,,,excel
0.9,30.0,2,30.0,2984.0,323.0,3122.0,917.0,3203.0,937.0,csv_heatplate
0.9,30.0,3,33.0,,,3200.0,924.0,,,excel
0.9,30.0,3,30.0,2964.0,328.0,3109.0,914.0,3200.0,924.0,csv_heatplate
0.9,30.0,4,33.0,,,3250.0,941.0,,,excel
0.9,30.0,4,30.0,2979.0,327.0,3071.0,905.0,3250.0,941.0,csv_heatplate
0.9,30.0,5,33.0,,,3218.0,929.0,,,excel
0.9,30.0,5,30.0,2971.0,327.0,3058.0,916.0,3218.0,929.0,csv_heatplate
0.9,40.0,1,44.0,,,4359.0,1052.0,,,excel
0.9,40.0,1,40.0,3842.0,354.0,4079.0,1000.0,4359.0,1052.0,csv_heatplate
0.9,40.0,2,44.0,,,4365.0,1044.0,,,excel
0.9,40.0,2,40.0,4030.0,358.0,4008.0,1013.0,4365.0,1044.0,csv_heatplate
0.9,40.0,3,44.0,,,4213.0,1015.0,,,excel
0.9,40.0,3,40.0,3960.0,350.0,3978.0,1005.0,4213.0,1015.0,csv_heatplate
0.9,40.0,4,44.0,,,4274.0,1033.0,,,excel
0.9,40.0,4,40.0,3856.0,350.0,3901.0,1005.0,4274.0,1033.0,csv_heatplate
0.9,40.0,5,43.0,,,4216.0,1034.0,,,excel
0.9,40.0,5,40.0,3954.0,350.0,3942.0,999.0,4216.0,1034.0,csv_heatplate
0.9,50.0,1,50.0,,,4860.0,1110.0,,,excel
0.9,50.0,1,50.0,4827.0,371.0,4849.0,1099.0,4860.0,1110.0,csv_heatplate
0.9,50.0,2,50.0,,,4963.0,1113.0,,,excel
0.9,50.0,2,50.0,4849.0,370.0,4824.0,1088.0,4963.0,1113.0,csv_heatplate
0.9,50.0,3,50.0,,,4944.0,1097.0,,,excel
0.9,50.0,3,50.0,4923.0,367.0,4936.0,1090.0,4944.0,1097.0,csv_heatplate
0.9,50.0,4,50.0,,,4910.0,1107.0,,,excel
0.9,50.0,4,50.0,4901.0,367.0,4853.0,1098.0,4910.0,1107.0,csv_heatplate
0.9,50.0,5,50.0,,,4917.0,1111.0,,,excel
0.9,50.0,5,50.0,4818.0,367.0,4910.0,1086.0,4917.0,1111.0,csv_heatplate
0.9,60.0,1,61.0,,,5736.0,1231.0,,,excel
0.9,60.0,1,60.0,5921.0,395.0,6102.0,1208.0,5736.0,1231.0,csv_heatplate
0.9,60.0,2,62.0,,,6197.0,1249.0,,,excel
0.9,60.0,2,60.0,5942.0,395.0,6091.0,1195.0,6197.0,1249.0,csv_heatplate
0.9,60.0,3,62.0,,,6113.0,1263.0,,,excel
0.9,60.0,3,60.0,5880.0,396.0,6006.0,1205.0,6113.0,1263.0,csv_heatplate
0.9,60.0,4,62.0,,,6146.0,1260.0,,,excel
0.9,60.0,4,60.0,5968.0,394.0,6119.0,1206.0,6146.0,1260.0,csv_heatplate
0.9,60.0,5,62.0,,,6064.0,1269.0,,,excel
0.9,60.0,5,60.0,5979.0,389.0,6105.0,1202.0,6064.0,1269.0,csv_heatplate
0.9,70.0,1,70.0,,,6914.0,1393.0,,,excel
0.9,70.0,1,70.0,7006.0,401.0,7185.0,1288.0,6914.0,1393.0,csv_heatplate
0.9,70.0,2,71.0,,,6627.0,1384.0,,,excel
0.9,70.0,2,70.0,6907.0,408.0,7169.0,1288.0,6627.0,1384.0,csv_heatplate
0.9,70.0,3,71.0,,,7061.0,1395.0,,,excel
0.9,70.0,3,70.0,6994.0,408.0,7100.0,1280.0,7061.0,1395.0,csv_heatplate
0.9,70.0,4,71.0,,,7076.0,1399.0,,,excel
0.9,70.0,4,70.0,7024.0,406.0,6871.0,1295.0,7076.0,1399.0,csv_heatplate
0.9,70.0,5,71.0,,,7039.0,1389.0,,,excel
0.9,70.0,5,70.0,7031.0,410.0,7193.0,1301.0,7039.0,1389.0,csv_heatplate
0.9,80.0,1,80.0,,,7330.0,1550.0,,,excel
0.9,80.0,1,80.0,8084.0,418.0,8023.0,1364.0,7330.0,1550.0,csv_heatplate
0.9,80.0,2,79.0,,,6562.0,1542.0,,,excel
0.9,80.0,2,80.0,8150.0,415.0,8095.0,1375.0,6562.0,1542.0,csv_heatplate
0.9,80.0,3,79.0,,,7256.0,1509.0,,,excel
0.9,80.0,3,80.0,8039.0,406.0,8105.0,1385.0,7256.0,1509.0,csv_heatplate
0.9,80.0,4,79.0,,,7314.0,1528.0,,,excel
0.9,80.0,4,80.0,8062.0,414.0,8160.0,1381.0,7314.0,1528.0,csv_heatplate
0.9,80.0,5,79.0,,,6885.0,1558.0,,,excel
0.9,80.0,5,80.0,8273.0,407.0,8041.0,1345.0,6885.0,1558.0,csv_heatplate
1.0,25.0,1,23.0,,,2190.0,879.0,,,excel
1.0,25.0,1,25.0,2529.0,325.0,2538.0,895.0,2190.0,879.0,csv_heatplate
1.0,25.0,2,22.0,,,2257.0,883.0,,,excel
1.0,25.0,2,25.0,2512.0,325.0,2531.0,891.0,2257.0,883.0,csv_heatplate
1.0,25.0,3,22.0,,,2135.0,857.0,,,excel
1.0,25.0,3,25.0,2502.0,324.0,2461.0,894.0,2135.0,857.0,csv_heatplate
1.0,25.0,4,22.0,,,2111.0,851.0,,,excel
1.0,25.0,4,25.0,2490.0,322.0,2509.0,893.0,2111.0,851.0,csv_heatplate
1.0,25.0,5,23.0,,,2247.0,879.0,,,excel
1.0,25.0,5,25.0,2492.0,324.0,2582.0,888.0,2247.0,879.0,csv_heatplate
1.0,30.0,1,31.0,,,3151.0,985.0,,,excel
1.0,30.0,1,30.0,2868.0,338.0,2969.0,952.0,3151.0,985.0,csv_heatplate
1.0,30.0,2,32.0,,,3153.0,988.0,,,excel
1.0,30.0,2,30.0,2848.0,341.0,2987.0,952.0,3153.0,988.0,csv_heatplate
1.0,30.0,3,33.0,,,3226.0,986.0,,,excel
1.0,30.0,3,30.0,2898.0,339.0,2936.0,954.0,3226.0,986.0,csv_heatplate
1.0,30.0,4,33.0,,,3316.0,1010.0,,,excel
1.0,30.0,4,30.0,2886.0,335.0,2591.0,953.0,3316.0,1010.0,csv_heatplate
1.0,30.0,5,33.0,,,3303.0,1002.0,,,excel
1.0,30.0,5,30.0,2883.0,338.0,2966.0,953.0,3303.0,1002.0,csv_heatplate
1.0,40.0,1,43.0,,,4194.0,1092.0,,,excel
1.0,40.0,1,40.0,3853.0,367.0,3975.0,1044.0,4194.0,1092.0,csv_heatplate
1.0,40.0,2,44.0,,,4271.0,1101.0,,,excel
1.0,40.0,2,40.0,3830.0,367.0,3909.0,1044.0,4271.0,1101.0,csv_heatplate
1.0,40.0,3,44.0,,,4239.0,1089.0,,,excel
1.0,40.0,3,40.0,3901.0,369.0,3892.0,1061.0,4239.0,1089.0,csv_heatplate
1.0,40.0,4,44.0,,,4185.0,1099.0,,,excel
1.0,40.0,4,40.0,3912.0,364.0,3880.0,1049.0,4185.0,1099.0,csv_heatplate
1.0,40.0,5,44.0,,,4197.0,1094.0,,,excel
1.0,40.0,5,40.0,3871.0,369.0,3921.0,1053.0,4197.0,1094.0,csv_heatplate
1.0,50.0,1,50.0,,,4801.0,1158.0,,,excel
1.0,50.0,1,50.0,4838.0,393.0,5154.0,1159.0,4801.0,1158.0,csv_heatplate
1.0,50.0,2,51.0,,,4925.0,1168.0,,,excel
1.0,50.0,2,50.0,5010.0,391.0,4979.0,1165.0,4925.0,1168.0,csv_heatplate
1.0,50.0,3,51.0,,,4838.0,1144.0,,,excel
1.0,50.0,3,50.0,4923.0,396.0,5010.0,1163.0,4838.0,1144.0,csv_heatplate
1.0,50.0,4,51.0,,,5061.0,1161.0,,,excel
1.0,50.0,4,50.0,5037.0,396.0,4998.0,1163.0,5061.0,1161.0,csv_heatplate
1.0,50.0,5,51.0,,,5053.0,1157.0,,,excel
1.0,50.0,5,50.0,4975.0,395.0,4967.0,1155.0,5053.0,1157.0,csv_heatplate
1.0,60.0,1,60.0,,,5556.0,1236.0,,,excel
1.0,60.0,1,60.0,5979.0,409.0,6024.0,1233.0,5556.0,1236.0,csv_heatplate
1.0,60.0,2,60.0,,,5870.0,1222.0,,,excel
1.0,60.0,2,60.0,6124.0,415.0,5901.0,1233.0,5870.0,1222.0,csv_heatplate
1.0,60.0,3,59.0,,,5741.0,1225.0,,,excel
1.0,60.0,3,60.0,6059.0,414.0,5855.0,1230.0,5741.0,1225.0,csv_heatplate
1.0,60.0,4,60.0,,,5805.0,1222.0,,,excel
1.0,60.0,4,60.0,6119.0,405.0,5905.0,1258.0,5805.0,1222.0,csv_heatplate
1.0,60.0,5,60.0,,,5775.0,1241.0,,,excel
1.0,60.0,5,60.0,6070.0,411.0,6058.0,1242.0,5775.0,1241.0,csv_heatplate
1.0,70.0,1,74.0,,,7297.0,1424.0,,,excel
1.0,70.0,1,70.0,6990.0,422.0,7039.0,1326.0,7297.0,1424.0,csv_heatplate
1.0,70.0,2,74.0,,,7372.0,1453.0,,,excel
1.0,70.0,2,70.0,6878.0,422.0,7001.0,1329.0,7372.0,1453.0,csv_heatplate
1.0,70.0,3,74.0,,,7372.0,1450.0,,,excel
1.0,70.0,3,70.0,6950.0,424.0,6994.0,1315.0,7372.0,1450.0,csv_heatplate
1.0,70.0,4,74.0,,,7372.0,1456.0,,,excel
1.0,70.0,4,70.0,6907.0,426.0,6857.0,1327.0,7372.0,1456.0,csv_heatplate
1.0,70.0,5,74.0,,,7256.0,1457.0,,,excel
1.0,70.0,5,70.0,6878.0,422.0,7009.0,1318.0,7256.0,1457.0,csv_heatplate
1.0,80.0,1,84.0,,,7363.0,1589.0,,,excel
1.0,80.0,1,80.0,8084.0,422.0,7968.0,1400.0,7363.0,1589.0,csv_heatplate
1.0,80.0,2,84.0,,,8331.0,1639.0,,,excel
1.0,80.0,2,80.0,8062.0,416.0,7988.0,1407.0,8331.0,1639.0,csv_heatplate
1.0,80.0,3,84.0,,,8355.0,1616.0,,,excel
1.0,80.0,3,80.0,7978.0,421.0,7999.0,1398.0,8355.0,1616.0,csv_heatplate
1.0,80.0,4,84.0,,,8262.0,1623.0,,,excel
1.0,80.0,4,80.0,8062.0,411.0,8171.0,1377.0,8262.0,1623.0,csv_heatplate
1.0,80.0,5,84.0,,,8391.0,1617.0,,,excel
1.0,80.0,5,80.0,8062.0,426.0,8095.0,1376.0,8391.0,1617.0,csv_heatplate
1.1,25.0,1,23.0,,,2211.0,926.0,,,excel
1.1,25.0,1,25.0,2483.0,338.0,2352.0,926.0,2211.0,926.0,csv_heatplate
1.1,25.0,2,22.0,,,2166.0,873.0,,,excel
1.1,25.0,2,25.0,2475.0,338.0,2470.0,923.0,2166.0,873.0,csv_heatplate
1.1,25.0,3,23.0,,,2283.0,929.0,,,excel
1.1,25.0,3,25.0,2495.0,336.0,2422.0,924.0,2283.0,929.0,csv_heatplate
1.1,25.0,4,23.0,,,2288.0,923.0,,,excel
1.1,25.0,4,25.0,2463.0,338.0,2507.0,927.0,2288.0,923.0,csv_heatplate
1.1,25.0,5,23.0,,,2266.0,940.0,,,excel
1.1,25.0,5,25.0,2516.0,338.0,2490.0,926.0,2266.0,940.0,csv_heatplate
1.1,30.0,1,32.0,,,3096.0,1029.0,,,excel
1.1,30.0,1,30.0,2923.0,356.0,2886.0,981.0,3096.0,1029.0,csv_heatplate
1.1,30.0,2,33.0,,,3263.0,1032.0,,,excel
1.1,30.0,2,30.0,2926.0,355.0,2886.0,985.0,3263.0,1032.0,csv_heatplate
1.1,30.0,3,33.0,,,3266.0,1038.0,,,excel
1.1,30.0,3,30.0,2916.0,347.0,2959.0,987.0,3266.0,1038.0,csv_heatplate
1.1,30.0,4,34.0,,,3311.0,1035.0,,,excel
1.1,30.0,4,30.0,2946.0,353.0,2992.0,989.0,3311.0,1035.0,csv_heatplate
1.1,30.0,5,34.0,,,3169.0,1038.0,,,excel
1.1,30.0,5,30.0,2891.0,352.0,2863.0,978.0,3169.0,1038.0,csv_heatplate
1.1,40.0,1,42.0,,,3933.0,1129.0,,,excel
1.1,40.0,1,40.0,3889.0,384.0,3907.0,1086.0,3933.0,1129.0,csv_heatplate
1.1,40.0,2,43.0,,,4036.0,1150.0,,,excel
1.1,40.0,2,40.0,3877.0,388.0,3874.0,1101.0,4036.0,1150.0,csv_heatplate
1.1,40.0,3,42.0,,,4223.0,1142.0,,,excel
1.1,40.0,3,40.0,3815.0,387.0,3833.0,1097.0,4223.0,1142.0,csv_heatplate
1.1,40.0,4,42.0,,,4188.0,1144.0,,,excel
1.1,40.0,4,40.0,3996.0,388.0,4045.0,1115.0,4188.0,1144.0,csv_heatplate
1.1,40.0,5,43.0,,,3987.0,1137.0,,,excel
1.1,40.0,5,40.0,3993.0,388.0,4076.0,1104.0,3987.0,1137.0,csv_heatplate
1.1,50.0,1,51.0,,,5057.0,1185.0,,,excel
1.1,50.0,1,50.0,5089.0,406.0,4959.0,1185.0,5057.0,1185.0,csv_heatplate
1.1,50.0,2,51.0,,,5022.0,1214.0,,,excel
1.1,50.0,2,50.0,5002.0,402.0,5026.0,1182.0,5022.0,1214.0,csv_heatplate
1.1,50.0,3,51.0,,,5041.0,1201.0,,,excel
1.1,50.0,3,50.0,4936.0,401.0,4959.0,1193.0,5041.0,1201.0,csv_heatplate
1.1,50.0,4,51.0,,,5026.0,1185.0,,,excel
1.1,50.0,4,50.0,4917.0,407.0,4990.0,1187.0,5026.0,1185.0,csv_heatplate
1.1,50.0,5,51.0,,,5041.0,1206.0,,,excel
1.1,50.0,5,50.0,5091.0,405.0,5026.0,1187.0,5041.0,1206.0,csv_heatplate
1.1,60.0,1,60.0,,,5756.0,1262.0,,,excel
1.1,60.0,1,60.0,5958.0,421.0,6091.0,1260.0,5756.0,1262.0,csv_heatplate
1.1,60.0,2,60.0,,,5953.0,1259.0,,,excel
1.1,60.0,2,60.0,6102.0,424.0,6021.0,1262.0,5953.0,1259.0,csv_heatplate
1.1,60.0,3,60.0,,,5958.0,1282.0,,,excel
1.1,60.0,3,60.0,6086.0,416.0,5921.0,1269.0,5958.0,1282.0,csv_heatplate
1.1,60.0,4,60.0,,,6021.0,1257.0,,,excel
1.1,60.0,4,60.0,6135.0,419.0,6130.0,1261.0,6021.0,1257.0,csv_heatplate
1.1,60.0,5,60.0,,,5901.0,1264.0,,,excel
1.1,60.0,5,60.0,6130.0,419.0,5968.0,1269.0,5901.0,1264.0,csv_heatplate
1.1,70.0,1,69.0,,,6843.0,1385.0,,,excel
1.1,70.0,1,70.0,7031.0,440.0,7069.0,1366.0,6843.0,1385.0,csv_heatplate
1.1,70.0,2,69.0,,,6815.0,1394.0,,,excel
1.1,70.0,2,70.0,6936.0,439.0,6878.0,1340.0,6815.0,1394.0,csv_heatplate
1.1,70.0,3,69.0,,,6836.0,1376.0,,,excel
1.1,70.0,3,70.0,6957.0,432.0,6808.0,1345.0,6836.0,1376.0,csv_heatplate
1.1,70.0,4,69.0,,,6864.0,1417.0,,,excel
1.1,70.0,4,70.0,6900.0,432.0,6957.0,1368.0,6864.0,1417.0,csv_heatplate
1.1,70.0,5,69.0,,,6829.0,1419.0,,,excel
1.1,70.0,5,70.0,7054.0,423.0,7061.0,1345.0,6829.0,1419.0,csv_heatplate
1.1,80.0,1,79.0,,,7749.0,1593.0,,,excel
1.1,80.0,1,80.0,8041.0,419.0,8179.0,1421.0,7749.0,1593.0,csv_heatplate
1.1,80.0,2,79.0,,,7876.0,1592.0,,,excel
1.1,80.0,2,80.0,8162.0,417.0,8105.0,1420.0,7876.0,1592.0,csv_heatplate
1.1,80.0,3,79.0,,,8009.0,1570.0,,,excel
1.1,80.0,3,80.0,8185.0,430.0,8103.0,1407.0,8009.0,1570.0,csv_heatplate
1.1,80.0,4,79.0,,,7988.0,1583.0,,,excel
1.1,80.0,4,80.0,8150.0,410.0,7906.0,1420.0,7988.0,1583.0,csv_heatplate
1.1,80.0,5,79.0,,,7988.0,1563.0,,,excel
1.1,80.0,5,80.0,8085.0,415.0,7978.0,1425.0,7988.0,1563.0,csv_heatplate
1.2,25.0,1,24.0,,,2415.0,980.0,,,excel
1.2,25.0,1,25.0,2626.0,336.0,2647.0,1036.0,2415.0,980.0,csv_heatplate
1.2,25.0,2,24.0,,,2393.0,974.0,,,excel
1.2,25.0,2,25.0,2587.0,335.0,2628.0,1024.0,2393.0,974.0,csv_heatplate
1.2,25.0,3,24.0,,,2410.0,974.0,,,excel
1.2,25.0,3,25.0,2504.0,336.0,2541.0,1024.0,2410.0,974.0,csv_heatplate
1.2,25.0,4,24.0,,,2401.0,993.0,,,excel
1.2,25.0,4,25.0,2521.0,336.0,2650.0,1017.0,2401.0,993.0,csv_heatplate
1.2,25.0,5,24.0,,,2391.0,983.0,,,excel
1.2,25.0,5,25.0,2589.0,339.0,2495.0,1010.0,2391.0,983.0,csv_heatplate
1.2,30.0,1,32.0,,,3187.0,1057.0,,,excel
1.2,30.0,1,30.0,2943.0,359.0,2974.0,1058.0,3187.0,1057.0,csv_heatplate
1.2,30.0,2,33.0,,,3316.0,1067.0,,,excel
1.2,30.0,2,30.0,2964.0,361.0,3022.0,1052.0,3316.0,1067.0,csv_heatplate
1.2,30.0,3,33.0,,,3335.0,1088.0,,,excel
1.2,30.0,3,30.0,2968.0,361.0,2974.0,1058.0,3335.0,1088.0,csv_heatplate
1.2,30.0,4,34.0,,,3319.0,1093.0,,,excel
1.2,30.0,4,30.0,2936.0,361.0,3086.0,1064.0,3319.0,1093.0,csv_heatplate
1.2,30.0,5,34.0,,,3407.0,1090.0,,,excel
1.2,30.0,5,30.0,2974.0,362.0,3048.0,1056.0,3407.0,1090.0,csv_heatplate
1.2,40.0,1,40.0,,,3984.0,1122.0,,,excel
1.2,40.0,1,40.0,4116.0,390.0,4138.0,1182.0,3984.0,1122.0,csv_heatplate
1.2,40.0,2,40.0,,,4045.0,1128.0,,,excel
1.2,40.0,2,40.0,3874.0,391.0,4067.0,1172.0,4045.0,1128.0,csv_heatplate
1.2,40.0,3,40.0,,,3845.0,1139.0,,,excel
1.2,40.0,3,40.0,3818.0,389.0,4147.0,1171.0,3845.0,1139.0,csv_heatplate
1.2,40.0,4,41.0,,,4141.0,1162.0,,,excel
1.2,40.0,4,40.0,3996.0,400.0,4066.0,1167.0,4141.0,1162.0,csv_heatplate
1.2,40.0,5,41.0,,,4088.0,1148.0,,,excel
1.2,40.0,5,40.0,4069.0,397.0,4066.0,1176.0,4088.0,1148.0,csv_heatplate
1.2,50.0,1,51.0,,,5101.0,1200.0,,,excel
1.2,50.0,1,50.0,4842.0,412.0,4913.0,1208.0,5101.0,1200.0,csv_heatplate
1.2,50.0,2,51.0,,,5162.0,1213.0,,,excel
1.2,50.0,2,50.0,4963.0,413.0,4921.0,1205.0,5162.0,1213.0,csv_heatplate
1.2,50.0,3,52.0,,,5191.0,1203.0,,,excel
1.2,50.0,3,50.0,4979.0,411.0,5057.0,1208.0,5191.0,1203.0,csv_heatplate
1.2,50.0,4,52.0,,,5195.0,1219.0,,,excel
1.2,50.0,4,50.0,4963.0,409.0,4925.0,1211.0,5195.0,1219.0,csv_heatplate
1.2,50.0,5,52.0,,,5215.0,1217.0,,,excel
1.2,50.0,5,50.0,5014.0,411.0,5041.0,1205.0,5215.0,1217.0,csv_heatplate
1.2,60.0,1,62.0,,,6097.0,1264.0,,,excel
1.2,60.0,1,60.0,5989.0,408.0,5989.0,1280.0,6097.0,1264.0,csv_heatplate
1.2,60.0,2,63.0,,,6354.0,1228.0,,,excel
1.2,60.0,2,60.0,5886.0,426.0,5947.0,1264.0,6354.0,1228.0,csv_heatplate
1.2,60.0,3,63.0,,,6341.0,1279.0,,,excel
1.2,60.0,3,60.0,5850.0,411.0,6011.0,1278.0,6341.0,1279.0,csv_heatplate
1.2,60.0,4,64.0,,,6318.0,1279.0,,,excel
1.2,60.0,4,60.0,5896.0,416.0,5942.0,1266.0,6318.0,1279.0,csv_heatplate
1.2,60.0,5,64.0,,,6450.0,1287.0,,,excel
1.2,60.0,5,60.0,5825.0,420.0,5830.0,1278.0,6450.0,1287.0,csv_heatplate
1.2,70.0,1,72.0,,,7240.0,1315.0,,,excel
1.2,70.0,1,70.0,7009.0,423.0,7114.0,1344.0,7240.0,1315.0,csv_heatplate
1.2,70.0,2,72.0,,,7305.0,1311.0,,,excel
1.2,70.0,2,70.0,6957.0,422.0,6836.0,1326.0,7305.0,1311.0,csv_heatplate
1.2,70.0,3,72.0,,,6487.0,1308.0,,,excel
1.2,70.0,3,70.0,6957.0,418.0,7122.0,1327.0,6487.0,1308.0,csv_heatplate
1.2,70.0,4,72.0,,,6965.0,1316.0,,,excel
1.2,70.0,4,70.0,6901.0,421.0,7115.0,1335.0,6965.0,1316.0,csv_heatplate
1.2,70.0,5,72.0,,,7289.0,1300.0,,,excel
1.2,70.0,5,70.0,7046.0,415.0,7031.0,1332.0,7289.0,1300.0,csv_heatplate
1.2,80.0,1,81.0,,,7906.0,1316.0,,,excel
1.2,80.0,1,80.0,7968.0,427.0,8084.0,1367.0,7906.0,1316.0,csv_heatplate
1.2,80.0,2,81.0,,,8138.0,1331.0,,,excel
1.2,80.0,2,80.0,8020.0,416.0,8041.0,1386.0,8138.0,1331.0,csv_heatplate
1.2,80.0,3,81.0,,,8216.0,1354.0,,,excel
1.2,80.0,3,80.0,7816.0,413.0,7957.0,1381.0,8216.0,1354.0,csv_heatplate
1.2,80.0,4,82.0,,,8296.0,1335.0,,,excel
1.2,80.0,4,80.0,8073.0,413.0,8116.0,1380.0,8296.0,1335.0,csv_heatplate
1.2,80.0,5,82.0,,,8343.0,1333.0,,,excel
1.2,80.0,5,80.0,8105.0,406.0,8041.0,1372.0,8343.0,1333.0,csv_heatplate
1.3,25.0,1,24.0,,,2257.0,1010.0,,,excel
1.3,25.0,1,25.0,2435.0,356.0,2487.0,1047.0,2257.0,1010.0,csv_heatplate
1.3,25.0,2,24.0,,,2377.0,1014.0,,,excel
1.3,25.0,2,25.0,2490.0,356.0,2470.0,1048.0,2377.0,1014.0,csv_heatplate
1.3,25.0,3,24.0,,,2377.0,1018.0,,,excel
1.3,25.0,3,25.0,2338.0,359.0,2538.0,1051.0,2377.0,1018.0,csv_heatplate
1.3,25.0,4,24.0,,,2340.0,1009.0,,,excel
1.3,25.0,4,25.0,2427.0,355.0,2529.0,1050.0,2340.0,1009.0,csv_heatplate
1.3,25.0,5,24.0,,,2352.0,1005.0,,,excel
1.3,25.0,5,25.0,2369.0,358.0,2567.0,1048.0,2352.0,1005.0,csv_heatplate
1.3,30.0,1,36.0,,,2761.0,1129.0,,,excel
1.3,30.0,1,30.0,3012.0,382.0,3179.0,1109.0,2761.0,1129.0,csv_heatplate
1.3,30.0,2,37.0,,,3213.0,1134.0,,,excel
1.3,30.0,2,30.0,2974.0,381.0,3140.0,1100.0,3213.0,1134.0,csv_heatplate
1.3,30.0,3,38.0,,,3337.0,1121.0,,,excel
1.3,30.0,3,30.0,3009.0,378.0,3017.0,1094.0,3337.0,1121.0,csv_heatplate
1.3,30.0,4,38.0,,,3423.0,1135.0,,,excel
1.3,30.0,4,30.0,3014.0,375.0,3022.0,1101.0,3423.0,1135.0,csv_heatplate
1.3,30.0,5,38.0,,,3372.0,1134.0,,,excel
1.3,30.0,5,30.0,2969.0,379.0,3060.0,1114.0,3372.0,1134.0,csv_heatplate
1.3,40.0,1,43.0,,,3729.0,1182.0,,,excel
1.3,40.0,1,40.0,4116.0,409.0,4156.0,1197.0,3729.0,1182.0,csv_heatplate
1.3,40.0,2,43.0,,,3541.0,1181.0,,,excel
1.3,40.0,2,40.0,3933.0,410.0,3981.0,1197.0,3541.0,1181.0,csv_heatplate
1.3,40.0,3,43.0,,,3672.0,1159.0,,,excel
1.3,40.0,3,40.0,3889.0,411.0,4197.0,1205.0,3672.0,1159.0,csv_heatplate
1.3,40.0,4,43.0,,,3697.0,1158.0,,,excel
1.3,40.0,4,40.0,3990.0,411.0,4129.0,1196.0,3697.0,1158.0,csv_heatplate
1.3,40.0,5,43.0,,,3697.0,1169.0,,,excel
1.3,40.0,5,40.0,3987.0,412.0,4150.0,1193.0,3697.0,1169.0,csv_heatplate
1.3,50.0,1,55.0,,,4119.0,1238.0,,,excel
1.3,50.0,1,50.0,4952.0,419.0,5022.0,1241.0,4119.0,1238.0,csv_heatplate
1.3,50.0,2,56.0,,,4642.0,1230.0,,,excel
1.3,50.0,2,50.0,4948.0,425.0,5029.0,1247.0,4642.0,1230.0,csv_heatplate
1.3,50.0,3,56.0,,,4710.0,1240.0,,,excel
1.3,50.0,3,50.0,4955.0,423.0,4975.0,1241.0,4710.0,1240.0,csv_heatplate
1.3,50.0,4,56.0,,,4842.0,1237.0,,,excel
1.3,50.0,4,50.0,4971.0,424.0,4944.0,1236.0,4842.0,1237.0,csv_heatplate
1.3,50.0,5,56.0,,,4688.0,1241.0,,,excel
1.3,50.0,5,50.0,4986.0,413.0,4838.0,1238.0,4688.0,1241.0,csv_heatplate
1.3,60.0,1,61.0,,,4382.0,1256.0,,,excel
1.3,60.0,1,60.0,5906.0,430.0,6180.0,1284.0,4382.0,1256.0,csv_heatplate
1.3,60.0,2,61.0,,,4823.0,1274.0,,,excel
1.3,60.0,2,60.0,6086.0,427.0,6174.0,1294.0,4823.0,1274.0,csv_heatplate
1.3,60.0,3,61.0,,,5228.0,1266.0,,,excel
1.3,60.0,3,60.0,6075.0,421.0,6026.0,1300.0,5228.0,1266.0,csv_heatplate
1.3,60.0,4,62.0,,,5390.0,1265.0,,,excel
1.3,60.0,4,60.0,6097.0,421.0,5840.0,1302.0,5390.0,1265.0,csv_heatplate
1.3,60.0,5,62.0,,,5351.0,1264.0,,,excel
1.3,60.0,5,60.0,6141.0,430.0,5891.0,1291.0,5351.0,1264.0,csv_heatplate
1.3,70.0,1,73.0,,,6437.0,1340.0,,,excel
1.3,70.0,1,70.0,6943.0,436.0,7054.0,1338.0,6437.0,1340.0,csv_heatplate
1.3,70.0,2,76.0,,,6646.0,1345.0,,,excel
1.3,70.0,2,70.0,6943.0,431.0,7039.0,1331.0,6646.0,1345.0,csv_heatplate
1.3,70.0,3,76.0,,,6673.0,1349.0,,,excel
1.3,70.0,3,70.0,6885.0,433.0,6943.0,1321.0,6673.0,1349.0,csv_heatplate
1.3,70.0,4,76.0,,,6878.0,1343.0,,,excel
1.3,70.0,4,70.0,6936.0,424.0,7001.0,1332.0,6878.0,1343.0,csv_heatplate
1.3,70.0,5,76.0,,,7046.0,1336.0,,,excel
1.3,70.0,5,70.0,6850.0,415.0,7001.0,1306.0,7046.0,1336.0,csv_heatplate
1.3,80.0,1,80.0,,,6726.0,1385.0,,,excel
1.3,80.0,1,80.0,7937.0,422.0,8041.0,1398.0,6726.0,1385.0,csv_heatplate
1.3,80.0,2,80.0,,,7099.0,1373.0,,,excel
1.3,80.0,2,80.0,7906.0,420.0,7846.0,1366.0,7099.0,1373.0,csv_heatplate
1.3,80.0,3,81.0,,,7397.0,1354.0,,,excel
1.3,80.0,3,80.0,7968.0,422.0,8030.0,1375.0,7397.0,1354.0,csv_heatplate
1.3,80.0,4,81.0,,,7248.0,1344.0,,,excel
1.3,80.0,4,80.0,7927.0,422.0,8020.0,1375.0,7248.0,1344.0,csv_heatplate
1.3,80.0,5,81.0,,,7208.0,1350.0,,,excel
1.3,80.0,5,80.0,7937.0,411.0,8062.0,1369.0,7208.0,1350.0,csv_heatplate
1.4,25.0,1,24.0,,,2281.0,1049.0,,,excel
1.4,25.0,1,25.0,2427.0,369.0,2548.0,1078.0,2281.0,1049.0,csv_heatplate
1.4,25.0,2,24.0,,,2221.0,986.0,,,excel
1.4,25.0,2,25.0,2456.0,371.0,2550.0,1073.0,2221.0,986.0,csv_heatplate
1.4,25.0,3,24.0,,,2278.0,1045.0,,,excel
1.4,25.0,3,25.0,2451.0,370.0,2425.0,1072.0,2278.0,1045.0,csv_heatplate
1.4,25.0,4,24.0,,,2295.0,1050.0,,,excel
1.4,25.0,4,25.0,2446.0,369.0,2550.0,1070.0,2295.0,1050.0,csv_heatplate
1.4,25.0,5,24.0,,,231.0,1055.0,,,excel
1.4,25.0,5,25.0,2456.0,370.0,2546.0,1070.0,231.0,1055.0,csv_heatplate
1.4,30.0,1,37.0,,,3311.0,1169.0,,,excel
1.4,30.0,1,30.0,2846.0,387.0,3099.0,1123.0,3311.0,1169.0,csv_heatplate
1.4,30.0,2,38.0,,,3557.0,1181.0,,,excel
1.4,30.0,2,30.0,2931.0,393.0,3073.0,1118.0,3557.0,1181.0,csv_heatplate
1.4,30.0,3,38.0,,,3513.0,1172.0,,,excel
1.4,30.0,3,30.0,2979.0,393.0,3014.0,1120.0,3513.0,1172.0,csv_heatplate
1.4,30.0,4,38.0,,,3552.0,1178.0,,,excel
1.4,30.0,4,30.0,2951.0,393.0,2971.0,1139.0,3552.0,1178.0,csv_heatplate
1.4,30.0,5,38.0,,,3585.0,1170.0,,,excel
1.4,30.0,5,30.0,2891.0,393.0,3109.0,1139.0,3585.0,1170.0,csv_heatplate
1.4,40.0,1,41.0,,,3758.0,1216.0,,,excel
1.4,40.0,1,40.0,3936.0,421.0,3948.0,1213.0,3758.0,1216.0,csv_heatplate
1.4,40.0,2,41.0,,,4024.0,1199.0,,,excel
1.4,40.0,2,40.0,3957.0,416.0,3853.0,1192.0,4024.0,1199.0,csv_heatplate
1.4,40.0,3,42.0,,,4073.0,1215.0,,,excel
1.4,40.0,3,40.0,3877.0,421.0,3801.0,1206.0,4073.0,1215.0,csv_heatplate
1.4,40.0,4,43.0,,,4160.0,1217.0,,,excel
1.4,40.0,4,40.0,3871.0,419.0,3942.0,1209.0,4160.0,1217.0,csv_heatplate
1.4,40.0,5,43.0,,,4175.0,1217.0,,,excel
1.4,40.0,5,40.0,3945.0,422.0,3921.0,1212.0,4175.0,1217.0,csv_heatplate
1.4,50.0,1,51.0,,,4921.0,1237.0,,,excel
1.4,50.0,1,50.0,4994.0,429.0,4921.0,1258.0,4921.0,1237.0,csv_heatplate
1.4,50.0,2,52.0,,,5010.0,1245.0,,,excel
1.4,50.0,2,50.0,4971.0,429.0,5101.0,1257.0,5010.0,1245.0,csv_heatplate
1.4,50.0,3,52.0,,,5125.0,1255.0,,,excel
1.4,50.0,3,50.0,5045.0,429.0,5029.0,1261.0,5125.0,1255.0,csv_heatplate
1.4,50.0,4,52.0,,,5006.0,1281.0,,,excel
1.4,50.0,4,50.0,5014.0,427.0,5006.0,1253.0,5006.0,1281.0,csv_heatplate
1.4,50.0,5,52.0,,,5049.0,1266.0,,,excel
1.4,50.0,5,50.0,4952.0,427.0,5033.0,1255.0,5049.0,1266.0,csv_heatplate
1.4,60.0,1,63.0,,,6146.0,1305.0,,,excel
1.4,60.0,1,60.0,5805.0,441.0,6080.0,1304.0,6146.0,1305.0,csv_heatplate
1.4,60.0,2,64.0,,,6197.0,1342.0,,,excel
1.4,60.0,2,60.0,5860.0,451.0,6037.0,1299.0,6197.0,1342.0,csv_heatplate
1.4,60.0,3,64.0,,,6048.0,1298.0,,,excel
1.4,60.0,3,60.0,6016.0,447.0,5855.0,1317.0,6048.0,1298.0,csv_heatplate
1.4,60.0,4,64.0,,,6130.0,1341.0,,,excel
1.4,60.0,4,60.0,5947.0,450.0,6097.0,1297.0,6130.0,1341.0,csv_heatplate
1.4,60.0,5,64.0,,,6146.0,1288.0,,,excel
1.4,60.0,5,60.0,5968.0,441.0,6043.0,1295.0,6146.0,1288.0,csv_heatplate
1.4,70.0,1,73.0,,,6021.0,1352.0,,,excel
1.4,70.0,1,70.0,6808.0,449.0,6901.0,1345.0,6021.0,1352.0,csv_heatplate
1.4,70.0,2,73.0,,,6857.0,1386.0,,,excel
1.4,70.0,2,70.0,6829.0,445.0,6871.0,1342.0,6857.0,1386.0,csv_heatplate
1.4,70.0,3,73.0,,,6324.0,1359.0,,,excel
1.4,70.0,3,70.0,6850.0,439.0,6966.0,1347.0,6324.0,1359.0,csv_heatplate
1.4,70.0,4,74.0,,,6850.0,1379.0,,,excel
1.4,70.0,4,70.0,6815.0,445.0,6885.0,1332.0,6850.0,1379.0,csv_heatplate
1.4,70.0,5,74.0,,,6950.0,1372.0,,,excel
1.4,70.0,5,70.0,6836.0,438.0,6822.0,1336.0,6950.0,1372.0,csv_heatplate
1.4,80.0,1,81.0,,,7256.0,1406.0,,,excel
1.4,80.0,1,80.0,7826.0,417.0,7802.0,1409.0,7256.0,1406.0,csv_heatplate
1.4,80.0,2,84.0,,,7787.0,1388.0,,,excel
1.4,80.0,2,80.0,7797.0,422.0,7963.0,1388.0,7787.0,1388.0,csv_heatplate
1.4,80.0,3,84.0,,,7720.0,1377.0,,,excel
1.4,80.0,3,80.0,7932.0,433.0,7941.0,1379.0,7720.0,1377.0,csv_heatplate
1.4,80.0,4,84.0,,,8160.0,1345.0,,,excel
1.4,80.0,4,80.0,7989.0,429.0,7932.0,1388.0,8160.0,1345.0,csv_heatplate
1.4,80.0,5,84.0,,,7654.0,1345.0,,,excel
1.4,80.0,5,80.0,7923.0,431.0,8030.0,1361.0,7654.0,1345.0,csv_heatplate
1.5,25.0,1,24.0,,,2190.0,1071.0,,,excel
1.5,25.0,1,25.0,2429.0,382.0,2461.0,1125.0,2190.0,1071.0,csv_heatplate
1.5,25.0,2,24.0,,,2185.0,1070.0,,,excel
1.5,25.0,2,25.0,2491.0,381.0,2454.0,1122.0,2185.0,1070.0,csv_heatplate
1.5,25.0,3,24.0,,,2261.0,1062.0,,,excel
1.5,25.0,3,25.0,2437.0,383.0,2492.0,1113.0,2261.0,1062.0,csv_heatplate
1.5,25.0,4,24.0,,,2288.0,1057.0,,,excel
1.5,25.0,4,25.0,2446.0,384.0,2497.0,1126.0,2288.0,1057.0,csv_heatplate
1.5,25.0,5,24.0,,,2261.0,1072.0,,,excel
1.5,25.0,5,25.0,2439.0,387.0,2497.0,1116.0,2261.0,1072.0,csv_heatplate
1.5,30.0,1,36.0,,,2891.0,1185.0,,,excel
1.5,30.0,1,30.0,2908.0,407.0,2898.0,1168.0,2891.0,1185.0,csv_heatplate
1.5,30.0,2,37.0,,,3114.0,1190.0,,,excel
1.5,30.0,2,30.0,2906.0,400.0,2913.0,1168.0,3114.0,1190.0,csv_heatplate
1.5,30.0,3,37.0,,,3250.0,1193.0,,,excel
1.5,30.0,3,30.0,2888.0,399.0,3043.0,1175.0,3250.0,1193.0,csv_heatplate
1.5,30.0,4,37.0,,,3205.0,1185.0,,,excel
1.5,30.0,4,30.0,2891.0,405.0,3030.0,1164.0,3205.0,1185.0,csv_heatplate
1.5,30.0,5,37.0,,,3221.0,1182.0,,,excel
1.5,30.0,5,30.0,2893.0,403.0,2928.0,1162.0,3221.0,1182.0,csv_heatplate
1.5,40.0,1,42.0,,,3709.0,1208.0,,,excel
1.5,40.0,1,40.0,3871.0,436.0,3859.0,1230.0,3709.0,1208.0,csv_heatplate
1.5,40.0,2,43.0,,,3709.0,1214.0,,,excel
1.5,40.0,2,40.0,3842.0,434.0,3889.0,1226.0,3709.0,1214.0,csv_heatplate
1.5,40.0,3,43.0,,,3649.0,1223.0,,,excel
1.5,40.0,3,40.0,3877.0,428.0,3842.0,1229.0,3649.0,1223.0,csv_heatplate
1.5,40.0,4,43.0,,,3655.0,1222.0,,,excel
1.5,40.0,4,40.0,3883.0,433.0,3930.0,1227.0,3655.0,1222.0,csv_heatplate
1.5,40.0,5,43.0,,,3824.0,1224.0,,,excel
1.5,40.0,5,40.0,3995.0,430.0,3921.0,1232.0,3824.0,1224.0,csv_heatplate
1.5,50.0,1,55.0,,,4150.0,1236.0,,,excel
1.5,50.0,1,50.0,4875.0,449.0,5137.0,1281.0,4150.0,1236.0,csv_heatplate
1.5,50.0,2,55.0,,,4575.0,1294.0,,,excel
1.5,50.0,2,50.0,4894.0,442.0,4902.0,1290.0,4575.0,1294.0,csv_heatplate
1.5,50.0,3,55.0,,,4514.0,1278.0,,,excel
1.5,50.0,3,50.0,4816.0,444.0,4872.0,1278.0,4514.0,1278.0,csv_heatplate
1.5,50.0,4,55.0,,,4510.0,1282.0,,,excel
1.5,50.0,4,50.0,4861.0,449.0,4975.0,1284.0,4510.0,1282.0,csv_heatplate
1.5,50.0,5,55.0,,,4717.0,1270.0,,,excel
1.5,50.0,5,50.0,4893.0,442.0,5037.0,1285.0,4717.0,1270.0,csv_heatplate
1.5,60.0,1,60.0,,,5186.0,1298.0,,,excel
1.5,60.0,1,60.0,5870.0,450.0,6053.0,1321.0,5186.0,1298.0,csv_heatplate
1.5,60.0,2,60.0,,,5249.0,1303.0,,,excel
1.5,60.0,2,60.0,5995.0,455.0,5870.0,1308.0,5249.0,1303.0,csv_heatplate
1.5,60.0,3,60.0,,,5355.0,1289.0,,,excel
1.5,60.0,3,60.0,5942.0,459.0,5903.0,1314.0,5355.0,1289.0,csv_heatplate
1.5,60.0,4,60.0,,,5421.0,1277.0,,,excel
1.5,60.0,4,60.0,5865.0,450.0,6037.0,1299.0,5421.0,1277.0,csv_heatplate
1.5,60.0,5,60.0,,,5430.0,1288.0,,,excel
1.5,60.0,5,60.0,5855.0,447.0,6102.0,1311.0,5430.0,1288.0,csv_heatplate
1.5,70.0,1,73.0,,,6308.0,1381.0,,,excel
1.5,70.0,1,70.0,7107.0,453.0,6882.0,1372.0,6308.0,1381.0,csv_heatplate
1.5,70.0,2,74.0,,,7046.0,1336.0,,,excel
1.5,70.0,2,70.0,6921.0,439.0,6979.0,1355.0,7046.0,1336.0,csv_heatplate
1.5,70.0,3,75.0,,,7039.0,1383.0,,,excel
1.5,70.0,3,70.0,6973.0,443.0,6857.0,1350.0,7039.0,1383.0,csv_heatplate
1.5,70.0,4,75.0,,,6921.0,1375.0,,,excel
1.5,70.0,4,70.0,6994.0,439.0,6979.0,1354.0,6921.0,1375.0,csv_heatplate
1.5,70.0,5,75.0,,,6225.0,1389.0,,,excel
1.5,70.0,5,70.0,6857.0,433.0,7107.0,1346.0,6225.0,1389.0,csv_heatplate
1.5,80.0,1,87.0,,,7414.0,1417.0,,,excel
1.5,80.0,1,80.0,7812.0,456.0,8009.0,1421.0,7414.0,1417.0,csv_heatplate
1.5,80.0,2,87.0,,,7876.0,1378.0,,,excel
1.5,80.0,2,80.0,7968.0,442.0,8026.0,1410.0,7876.0,1378.0,csv_heatplate
1.5,80.0,3,87.0,,,7999.0,1374.0,,,excel
1.5,80.0,3,80.0,7807.0,441.0,8020.0,1413.0,7999.0,1374.0,csv_heatplate
1.5,80.0,4,87.0,,,7645.0,1373.0,,,excel
1.5,80.0,4,80.0,8095.0,438.0,8116.0,1414.0,7645.0,1373.0,csv_heatplate
1.5,80.0,5,87.0,,,8227.0,1363.0,,,excel
1.5,80.0,5,80.0,7901.0,437.0,8084.0,1403.0,8227.0,1363.0,csv_heatplate
1.6,25.0,1,23.0,,,2216.0,1095.0,,,excel
1.6,25.0,1,25.0,2624.0,367.0,2665.0,1168.0,2216.0,1095.0,csv_heatplate
1.6,25.0,2,23.0,,,2187.0,1087.0,,,excel
1.6,25.0,2,25.0,2546.0,368.0,2645.0,1141.0,2187.0,1087.0,csv_heatplate
1.6,25.0,3,23.0,,,2173.0,1100.0,,,excel
1.6,25.0,3,25.0,2606.0,379.0,2697.0,1125.0,2173.0,1100.0,csv_heatplate
1.6,25.0,4,23.0,,,2207.0,1080.0,,,excel
1.6,25.0,4,25.0,2628.0,379.0,2621.0,1130.0,2207.0,1080.0,csv_heatplate
1.6,25.0,5,23.0,,,2192.0,1099.0,,,excel
1.6,25.0,5,25.0,2594.0,384.0,2589.0,1119.0,2192.0,1099.0,csv_heatplate
1.6,30.0,1,30.0,,,2838.0,1168.0,,,excel
1.6,30.0,1,30.0,2928.0,383.0,2896.0,1224.0,2838.0,1168.0,csv_heatplate
1.6,30.0,2,30.0,,,3004.0,1186.0,,,excel
1.6,30.0,2,30.0,2961.0,395.0,2969.0,1194.0,3004.0,1186.0,csv_heatplate
1.6,30.0,3,31.0,,,3007.0,1158.0,,,excel
1.6,30.0,3,30.0,2974.0,395.0,3043.0,1169.0,3007.0,1158.0,csv_heatplate
1.6,30.0,4,31.0,,,3009.0,1183.0,,,excel
1.6,30.0,4,30.0,2881.0,403.0,3002.0,1174.0,3009.0,1183.0,csv_heatplate
1.6,30.0,5,31.0,,,2931.0,1175.0,,,excel
1.6,30.0,5,30.0,2906.0,406.0,2987.0,1182.0,2931.0,1175.0,csv_heatplate
1.6,40.0,1,40.0,,,3978.0,1232.0,,,excel
1.6,40.0,1,40.0,3951.0,423.0,3889.0,1222.0,3978.0,1232.0,csv_heatplate
1.6,40.0,2,40.0,,,3853.0,1239.0,,,excel
1.6,40.0,2,40.0,3990.0,403.0,3883.0,1224.0,3853.0,1239.0,csv_heatplate
1.6,40.0,3,41.0,,,3850.0,1257.0,,,excel
1.6,40.0,3,40.0,3987.0,406.0,3933.0,1203.0,3850.0,1257.0,csv_heatplate
1.6,40.0,4,41.0,,,3554.0,1237.0,,,excel
1.6,40.0,4,40.0,4027.0,414.0,4030.0,1230.0,3554.0,1237.0,csv_heatplate
1.6,40.0,5,41.0,,,3810.0,1235.0,,,excel
1.6,40.0,5,40.0,3871.0,412.0,3945.0,1227.0,3810.0,1235.0,csv_heatplate
1.6,50.0,1,51.0,,,4728.0,1266.0,,,excel
1.6,50.0,1,50.0,4887.0,435.0,4969.0,1262.0,4728.0,1266.0,csv_heatplate
1.6,50.0,2,51.0,,,4786.0,1277.0,,,excel
1.6,50.0,2,50.0,4910.0,441.0,5050.0,1273.0,4786.0,1277.0,csv_heatplate
1.6,50.0,3,52.0,,,4883.0,1257.0,,,excel
1.6,50.0,3,50.0,4959.0,435.0,5050.0,1260.0,4883.0,1257.0,csv_heatplate
1.6,50.0,4,52.0,,,4932.0,1282.0,,,excel
1.6,50.0,4,50.0,4392.0,439.0,5121.0,1264.0,4932.0,1282.0,csv_heatplate
1.6,50.0,5,52.0,,,5037.0,1279.0,,,excel
1.6,50.0,5,50.0,5018.0,440.0,5026.0,1265.0,5037.0,1279.0,csv_heatplate
1.6,60.0,1,60.0,,,5664.0,1337.0,,,excel
1.6,60.0,1,60.0,6000.0,453.0,6086.0,1283.0,5664.0,1337.0,csv_heatplate
1.6,60.0,2,61.0,,,5805.0,1319.0,,,excel
1.6,60.0,2,60.0,5905.0,445.0,5850.0,1302.0,5805.0,1319.0,csv_heatplate
1.6,60.0,3,61.0,,,5891.0,1311.0,,,excel
1.6,60.0,3,60.0,6135.0,444.0,5880.0,1292.0,5891.0,1311.0,csv_heatplate
1.6,60.0,4,62.0,,,5968.0,1317.0,,,excel
1.6,60.0,4,60.0,6063.0,432.0,6024.0,1297.0,5968.0,1317.0,csv_heatplate
1.6,60.0,5,62.0,,,5947.0,1319.0,,,excel
1.6,60.0,5,60.0,5969.0,446.0,5932.0,1302.0,5947.0,1319.0,csv_heatplate
1.6,70.0,1,74.0,,,7380.0,1364.0,,,excel
1.6,70.0,1,70.0,7084.0,448.0,6914.0,1331.0,7380.0,1364.0,csv_heatplate
1.6,70.0,2,75.0,,,7355.0,1383.0,,,excel
1.6,70.0,2,70.0,7153.0,435.0,7061.0,1328.0,7355.0,1383.0,csv_heatplate
1.6,70.0,3,75.0,,,7355.0,1361.0,,,excel
1.6,70.0,3,70.0,6958.0,442.0,7000.0,1322.0,7355.0,1361.0,csv_heatplate
1.6,70.0,4,76.0,,,7483.0,1367.0,,,excel
1.6,70.0,4,70.0,6950.0,434.0,6900.0,1343.0,7483.0,1367.0,csv_heatplate
1.6,70.0,5,76.0,,,7406.0,1368.0,,,excel
1.6,70.0,5,70.0,6982.0,432.0,6950.0,1323.0,7406.0,1368.0,csv_heatplate
1.6,80.0,1,90.0,,,8041.0,1456.0,,,excel
1.6,80.0,1,80.0,7965.0,438.0,7947.0,1351.0,8041.0,1456.0,csv_heatplate
1.6,80.0,2,90.0,,,8931.0,1404.0,,,excel
1.6,80.0,2,80.0,7945.0,441.0,7947.0,1329.0,8931.0,1404.0,csv_heatplate
1.6,80.0,3,90.0,,,8776.0,1383.0,,,excel
1.6,80.0,3,80.0,8063.0,450.0,7988.0,1352.0,8776.0,1383.0,csv_heatplate
1.6,80.0,4,90.0,,,8708.0,1387.0,,,excel
1.6,80.0,4,80.0,7867.0,444.0,7836.0,1323.0,8708.0,1387.0,csv_heatplate
1.6,80.0,5,89.0,,,8831.0,1378.0,,,excel
1.6,80.0,5,80.0,7891.0,423.0,8016.0,1337.0,8831.0,1378.0,csv_heatplate
1.7,25.0,1,24.0,,,2417.0,1081.0,,,excel
1.7,25.0,1,25.0,2558.0,379.0,2580.0,1149.0,2417.0,1081.0,csv_heatplate
1.7,25.0,2,24.0,,,2401.0,1084.0,,,excel
1.7,25.0,2,25.0,2609.0,391.0,2648.0,1147.0,2401.0,1084.0,csv_heatplate
1.7,25.0,3,24.0,,,2403.0,1092.0,,,excel
1.7,25.0,3,25.0,2575.0,395.0,2602.0,1154.0,2403.0,1092.0,csv_heatplate
1.7,25.0,4,24.0,,,2389.0,1090.0,,,excel
1.7,25.0,4,25.0,2572.0,397.0,2638.0,1148.0,2389.0,1090.0,csv_heatplate
1.7,25.0,5,24.0,,,2401.0,1093.0,,,excel
1.7,25.0,5,25.0,2546.0,399.0,2621.0,1153.0,2401.0,1093.0,csv_heatplate
1.7,30.0,1,30.0,,,2956.0,1134.0,,,excel
1.7,30.0,1,30.0,3014.0,411.0,3025.0,1193.0,2956.0,1134.0,csv_heatplate
1.7,30.0,2,31.0,,,3007.0,1131.0,,,excel
1.7,30.0,2,30.0,2938.0,414.0,3076.0,1199.0,3007.0,1131.0,csv_heatplate
1.7,30.0,3,31.0,,,3050.0,1130.0,,,excel
1.7,30.0,3,30.0,2936.0,414.0,3083.0,1189.0,3050.0,1130.0,csv_heatplate
1.7,30.0,4,31.0,,,3045.0,1124.0,,,excel
1.7,30.0,4,30.0,2954.0,415.0,3093.0,1194.0,3045.0,1124.0,csv_heatplate
1.7,30.0,5,31.0,,,3050.0,1121.0,,,excel
1.7,30.0,5,30.0,2891.0,413.0,3096.0,1196.0,3050.0,1121.0,csv_heatplate
1.7,40.0,1,41.0,,,3874.0,1184.0,,,excel
1.7,40.0,1,40.0,3999.0,425.0,4024.0,1236.0,3874.0,1184.0,csv_heatplate
1.7,40.0,2,41.0,,,3945.0,1187.0,,,excel
1.7,40.0,2,40.0,3990.0,424.0,3963.0,1234.0,3945.0,1187.0,csv_heatplate
1.7,40.0,3,41.0,,,4021.0,1186.0,,,excel
1.7,40.0,3,40.0,3886.0,435.0,4002.0,1234.0,4021.0,1186.0,csv_heatplate
1.7,40.0,4,41.0,,,3960.0,1176.0,,,excel
1.7,40.0,4,40.0,3978.0,435.0,3909.0,1227.0,3960.0,1176.0,csv_heatplate
1.7,40.0,5,41.0,,,3912.0,1170.0,,,excel
1.7,40.0,5,40.0,3892.0,429.0,3877.0,1235.0,3912.0,1170.0,csv_heatplate
1.7,50.0,1,51.0,,,4760.0,1209.0,,,excel
1.7,50.0,1,50.0,5073.0,434.0,5065.0,1250.0,4760.0,1209.0,csv_heatplate
1.7,50.0,2,51.0,,,4902.0,1193.0,,,excel
1.7,50.0,2,50.0,5041.0,440.0,5085.0,1276.0,4902.0,1193.0,csv_heatplate
1.7,50.0,3,51.0,,,4944.0,1194.0,,,excel
1.7,50.0,3,50.0,5029.0,439.0,5077.0,1242.0,4944.0,1194.0,csv_heatplate
1.7,50.0,4,51.0,,,4883.0,1205.0,,,excel
1.7,50.0,4,50.0,5101.0,423.0,4944.0,1268.0,4883.0,1205.0,csv_heatplate
1.7,50.0,5,51.0,,,4929.0,1199.0,,,excel
1.7,50.0,5,50.0,5014.0,426.0,5077.0,1256.0,4929.0,1199.0,csv_heatplate
1.7,60.0,1,64.0,,,5790.0,1225.0,,,excel
1.7,60.0,1,60.0,5947.0,437.0,6091.0,1276.0,5790.0,1225.0,csv_heatplate
1.7,60.0,2,65.0,,,6124.0,1236.0,,,excel
1.7,60.0,2,60.0,5940.0,436.0,6016.0,1272.0,6124.0,1236.0,csv_heatplate
1.7,60.0,3,65.0,,,6075.0,1226.0,,,excel
1.7,60.0,3,60.0,5974.0,449.0,5963.0,1272.0,6075.0,1226.0,csv_heatplate
1.7,60.0,4,65.0,,,6254.0,1204.0,,,excel
1.7,60.0,4,60.0,6043.0,437.0,6057.0,1261.0,6254.0,1204.0,csv_heatplate
1.7,60.0,5,65.0,,,6225.0,1220.0,,,excel
1.7,60.0,5,60.0,6016.0,443.0,6113.0,1289.0,6225.0,1220.0,csv_heatplate
1.7,70.0,1,75.0,,,6353.0,1234.0,,,excel
1.7,70.0,1,70.0,6878.0,447.0,6942.0,1321.0,6353.0,1234.0,csv_heatplate
1.7,70.0,2,75.0,,,7208.0,1253.0,,,excel
1.7,70.0,2,70.0,6885.0,429.0,6885.0,1325.0,7208.0,1253.0,csv_heatplate
1.7,70.0,3,74.0,,,7297.0,1206.0,,,excel
1.7,70.0,3,70.0,6945.0,432.0,6907.0,1329.0,7297.0,1206.0,csv_heatplate
1.7,70.0,4,74.0,,,6994.0,1217.0,,,excel
1.7,70.0,4,70.0,6929.0,438.0,6957.0,1297.0,6994.0,1217.0,csv_heatplate
1.7,70.0,5,74.0,,,7177.0,1230.0,,,excel
1.7,70.0,5,70.0,6864.0,443.0,6972.0,1293.0,7177.0,1230.0,csv_heatplate
1.7,80.0,1,82.0,,,7664.0,1272.0,,,excel
1.7,80.0,1,80.0,7910.0,442.0,7957.0,1357.0,7664.0,1272.0,csv_heatplate
1.7,80.0,2,82.0,,,7701.0,1263.0,,,excel
1.7,80.0,2,80.0,7899.0,439.0,8038.0,1351.0,7701.0,1263.0,csv_heatplate
1.7,80.0,3,82.0,,,7846.0,1264.0,,,excel
1.7,80.0,3,80.0,8020.0,443.0,7886.0,1356.0,7846.0,1264.0,csv_heatplate
1.7,80.0,4,83.0,,,7927.0,1239.0,,,excel
1.7,80.0,4,80.0,7970.0,447.0,7927.0,1356.0,7927.0,1239.0,csv_heatplate
1.7,80.0,5,83.0,,,7937.0,1229.0,,,excel
1.7,80.0,5,80.0,7810.0,435.0,8041.0,1354.0,7937.0,1229.0,csv_heatplate
1.8,25.0,1,23.0,,,2331.0,1104.0,,,excel
1.8,25.0,1,25.0,2538.0,396.0,2604.0,1162.0,2331.0,1104.0,csv_heatplate
1.8,25.0,2,23.0,,,2338.0,1112.0,,,excel
1.8,25.0,2,25.0,2577.0,402.0,2643.0,1159.0,2338.0,1112.0,csv_heatplate
1.8,25.0,3,23.0,,,2331.0,1106.0,,,excel
1.8,25.0,3,25.0,2580.0,402.0,2619.0,1174.0,2331.0,1106.0,csv_heatplate
1.8,25.0,4,23.0,,,2302.0,1109.0,,,excel
1.8,25.0,4,25.0,2546.0,401.0,2646.0,1152.0,2302.0,1109.0,csv_heatplate
1.8,25.0,5,23.0,,,2297.0,1113.0,,,excel
1.8,25.0,5,25.0,2521.0,397.0,2624.0,1159.0,2297.0,1113.0,csv_heatplate
1.8,30.0,1,30.0,,,2878.0,1177.0,,,excel
1.8,30.0,1,30.0,2949.0,417.0,3089.0,1192.0,2878.0,1177.0,csv_heatplate
1.8,30.0,2,30.0,,,2903.0,1153.0,,,excel
1.8,30.0,2,30.0,3032.0,421.0,3040.0,1210.0,2903.0,1153.0,csv_heatplate
1.8,30.0,3,30.0,,,2956.0,1151.0,,,excel
1.8,30.0,3,30.0,3055.0,422.0,3027.0,1208.0,2956.0,1151.0,csv_heatplate
1.8,30.0,4,30.0,,,2989.0,1146.0,,,excel
1.8,30.0,4,30.0,3032.0,427.0,3091.0,1198.0,2989.0,1146.0,csv_heatplate
1.8,30.0,5,30.0,,,3027.0,1153.0,,,excel
1.8,30.0,5,30.0,2999.0,423.0,3043.0,1208.0,3027.0,1153.0,csv_heatplate
1.8,40.0,1,41.0,,,3848.0,1185.0,,,excel
1.8,40.0,1,40.0,3972.0,425.0,3963.0,1243.0,3848.0,1185.0,csv_heatplate
1.8,40.0,2,41.0,,,3942.0,1190.0,,,excel
1.8,40.0,2,40.0,4033.0,430.0,4076.0,1236.0,3942.0,1190.0,csv_heatplate
1.8,40.0,3,41.0,,,3957.0,1189.0,,,excel
1.8,40.0,3,40.0,4005.0,436.0,4063.0,1251.0,3957.0,1189.0,csv_heatplate
1.8,40.0,4,41.0,,,4005.0,1191.0,,,excel
1.8,40.0,4,40.0,4008.0,431.0,4051.0,1229.0,4005.0,1191.0,csv_heatplate
1.8,40.0,5,41.0,,,3993.0,1188.0,,,excel
1.8,40.0,5,40.0,4008.0,436.0,4030.0,1245.0,3993.0,1188.0,csv_heatplate
1.8,50.0,1,53.0,,,4979.0,1196.0,,,excel
1.8,50.0,1,50.0,4875.0,457.0,5037.0,1278.0,4979.0,1196.0,csv_heatplate
1.8,50.0,2,53.0,,,4936.0,1202.0,,,excel
1.8,50.0,2,50.0,4883.0,452.0,4983.0,1258.0,4936.0,1202.0,csv_heatplate
1.8,50.0,3,53.0,,,5154.0,1223.0,,,excel
1.8,50.0,3,50.0,4921.0,453.0,4875.0,1260.0,5154.0,1223.0,csv_heatplate
1.8,50.0,4,53.0,,,5215.0,1216.0,,,excel
1.8,50.0,4,50.0,4998.0,454.0,4842.0,1261.0,5215.0,1216.0,csv_heatplate
1.8,50.0,5,53.0,,,5166.0,1190.0,,,excel
1.8,50.0,5,50.0,4979.0,437.0,4932.0,1248.0,5166.0,1190.0,csv_heatplate
1.8,60.0,1,65.0,,,6214.0,1201.0,,,excel
1.8,60.0,1,60.0,5953.0,438.0,5835.0,1285.0,6214.0,1201.0,csv_heatplate
1.8,60.0,2,65.0,,,6277.0,1226.0,,,excel
1.8,60.0,2,60.0,5875.0,436.0,5886.0,1285.0,6277.0,1226.0,csv_heatplate
1.8,60.0,3,65.0,,,6371.0,1213.0,,,excel
1.8,60.0,3,60.0,5950.0,445.0,5865.0,1273.0,6371.0,1213.0,csv_heatplate
1.8,60.0,4,65.0,,,6389.0,1224.0,,,excel
1.8,60.0,4,60.0,5911.0,438.0,5945.0,1274.0,6389.0,1224.0,csv_heatplate
1.8,60.0,5,65.0,,,6456.0,1210.0,,,excel
1.8,60.0,5,60.0,5896.0,436.0,6035.0,1288.0,6456.0,1210.0,csv_heatplate
1.8,70.0,1,76.0,,,6943.0,1284.0,,,excel
1.8,70.0,1,70.0,6871.0,431.0,6878.0,1327.0,6943.0,1284.0,csv_heatplate
1.8,70.0,2,76.0,,,7338.0,1260.0,,,excel
1.8,70.0,2,70.0,6871.0,435.0,6942.0,1300.0,7338.0,1260.0,csv_heatplate
1.8,70.0,3,76.0,,,7355.0,1250.0,,,excel
1.8,70.0,3,70.0,6941.0,436.0,6864.0,1360.0,7355.0,1250.0,csv_heatplate
1.8,70.0,4,76.0,,,7448.0,1236.0,,,excel
1.8,70.0,4,70.0,6850.0,443.0,6981.0,1306.0,7448.0,1236.0,csv_heatplate
1.8,70.0,5,76.0,,,7224.0,1226.0,,,excel
1.8,70.0,5,70.0,6900.0,436.0,6974.0,1299.0,7224.0,1226.0,csv_heatplate
1.8,80.0,1,84.0,,,8205.0,1283.0,,,excel
1.8,80.0,1,80.0,7937.0,450.0,8015.0,1353.0,8205.0,1283.0,csv_heatplate
1.8,80.0,2,86.0,,,8585.0,1257.0,,,excel
1.8,80.0,2,80.0,7907.0,445.0,8055.0,1344.0,8585.0,1257.0,csv_heatplate
1.8,80.0,3,86.0,,,8403.0,1260.0,,,excel
1.8,80.0,3,80.0,7846.0,452.0,7913.0,1323.0,8403.0,1260.0,csv_heatplate
1.8,80.0,4,86.0,,,8526.0,1236.0,,,excel
1.8,80.0,4,80.0,7936.0,450.0,8115.0,1336.0,8526.0,1236.0,csv_heatplate
1.8,80.0,5,86.0,,,8451.0,1237.0,,,excel
1.8,80.0,5,80.0,7999.0,449.0,8043.0,1353.0,8451.0,1237.0,csv_heatplate
1.9,25.0,1,23.0,,,2331.0,1121.0,,,excel
1.9,25.0,1,25.0,2492.0,402.0,2538.0,1184.0,2331.0,1121.0,csv_heatplate
1.9,25.0,2,23.0,,,2331.0,1121.0,,,excel
1.9,25.0,2,25.0,2567.0,406.0,2602.0,1188.0,2331.0,1121.0,csv_heatplate
1.9,25.0,3,23.0,,,2312.0,1126.0,,,excel
1.9,25.0,3,25.0,2577.0,414.0,2686.0,1189.0,2312.0,1126.0,csv_heatplate
1.9,25.0,4,23.0,,,2331.0,1125.0,,,excel
1.9,25.0,4,25.0,2575.0,410.0,2597.0,1177.0,2331.0,1125.0,csv_heatplate
1.9,25.0,5,23.0,,,2329.0,1124.0,,,excel
1.9,25.0,5,25.0,2560.0,416.0,2636.0,1174.0,2329.0,1124.0,csv_heatplate
1.9,30.0,1,31.0,,,2951.0,1170.0,,,excel
1.9,30.0,1,30.0,3066.0,441.0,3004.0,1234.0,2951.0,1170.0,csv_heatplate
1.9,30.0,2,31.0,,,2938.0,1170.0,,,excel
1.9,30.0,2,30.0,2876.0,432.0,3051.0,1233.0,2938.0,1170.0,csv_heatplate
1.9,30.0,3,31.0,,,3009.0,1177.0,,,excel
1.9,30.0,3,30.0,2891.0,433.0,3097.0,1206.0,3009.0,1177.0,csv_heatplate
1.9,30.0,4,31.0,,,3050.0,1164.0,,,excel
1.9,30.0,4,30.0,3055.0,438.0,2979.0,1222.0,3050.0,1164.0,csv_heatplate
1.9,30.0,5,31.0,,,3030.0,1174.0,,,excel
1.9,30.0,5,30.0,2964.0,439.0,3026.0,1216.0,3030.0,1174.0,csv_heatplate
1.9,40.0,1,41.0,,,3516.0,1211.0,,,excel
1.9,40.0,1,40.0,3877.0,449.0,4073.0,1260.0,3516.0,1211.0,csv_heatplate
1.9,40.0,2,41.0,,,3715.0,1201.0,,,excel
1.9,40.0,2,40.0,4008.0,450.0,4018.0,1261.0,3715.0,1201.0,csv_heatplate
1.9,40.0,3,41.0,,,3689.0,1202.0,,,excel
1.9,40.0,3,40.0,3966.0,440.0,4027.0,1260.0,3689.0,1202.0,csv_heatplate
1.9,40.0,4,41.0,,,3737.0,1207.0,,,excel
1.9,40.0,4,40.0,3868.0,439.0,3949.0,1241.0,3737.0,1207.0,csv_heatplate
1.9,40.0,5,41.0,,,3868.0,1204.0,,,excel
1.9,40.0,5,40.0,3921.0,440.0,4097.0,1259.0,3868.0,1204.0,csv_heatplate
1.9,50.0,1,52.0,,,4879.0,1204.0,,,excel
1.9,50.0,1,50.0,4902.0,444.0,4948.0,1304.0,4879.0,1204.0,csv_heatplate
1.9,50.0,2,52.0,,,4913.0,1222.0,,,excel
1.9,50.0,2,50.0,5057.0,437.0,5113.0,1281.0,4913.0,1222.0,csv_heatplate
1.9,50.0,3,53.0,,,5029.0,1195.0,,,excel
1.9,50.0,3,50.0,4921.0,431.0,4975.0,1282.0,5029.0,1195.0,csv_heatplate
1.9,50.0,4,53.0,,,5053.0,1211.0,,,excel
1.9,50.0,4,50.0,5077.0,443.0,5116.0,1262.0,5053.0,1211.0,csv_heatplate
1.9,50.0,5,54.0,,,5065.0,1217.0,,,excel
1.9,50.0,5,50.0,5109.0,434.0,5110.0,1280.0,5065.0,1217.0,csv_heatplate
1.9,60.0,1,63.0,,,5916.0,1214.0,,,excel
1.9,60.0,1,60.0,5886.0,453.0,5875.0,1306.0,5916.0,1214.0,csv_heatplate
1.9,60.0,2,63.0,,,5979.0,1220.0,,,excel
1.9,60.0,2,60.0,5932.0,447.0,5947.0,1306.0,5979.0,1220.0,csv_heatplate
1.9,60.0,3,63.0,,,5947.0,1218.0,,,excel
1.9,60.0,3,60.0,5901.0,439.0,5958.0,1267.0,5947.0,1218.0,csv_heatplate
1.9,60.0,4,63.0,,,6059.0,1208.0,,,excel
1.9,60.0,4,60.0,5970.0,441.0,5968.0,1267.0,6059.0,1208.0,csv_heatplate
1.9,60.0,5,63.0,,,6059.0,1198.0,,,excel
1.9,60.0,5,60.0,6003.0,439.0,5984.0,1276.0,6059.0,1198.0,csv_heatplate
1.9,70.0,1,73.0,,,6914.0,1223.0,,,excel
1.9,70.0,1,70.0,6978.0,452.0,6954.0,1317.0,6914.0,1223.0,csv_heatplate
1.9,70.0,2,73.0,,,6987.0,1199.0,,,excel
1.9,70.0,2,70.0,6994.0,442.0,6843.0,1348.0,6987.0,1199.0,csv_heatplate
1.9,70.0,3,73.0,,,6972.0,1210.0,,,excel
1.9,70.0,3,70.0,7046.0,441.0,6849.0,1324.0,6972.0,1210.0,csv_heatplate
1.9,70.0,4,71.0,,,6225.0,1204.0,,,excel
1.9,70.0,4,70.0,6836.0,426.0,6950.0,1328.0,6225.0,1204.0,csv_heatplate
1.9,70.0,5,71.0,,,6892.0,1214.0,,,excel
1.9,70.0,5,70.0,6994.0,428.0,7092.0,1312.0,6892.0,1214.0,csv_heatplate
1.9,80.0,1,85.0,,,7968.0,1265.0,,,excel
1.9,80.0,1,80.0,7896.0,413.0,7826.0,1351.0,7968.0,1265.0,csv_heatplate
1.9,80.0,2,86.0,,,8095.0,1248.0,,,excel
1.9,80.0,2,80.0,7907.0,414.0,7949.0,1348.0,8095.0,1248.0,csv_heatplate
1.9,80.0,3,86.0,,,8205.0,1250.0,,,excel
1.9,80.0,3,80.0,7886.0,410.0,7905.0,1344.0,8205.0,1250.0,csv_heatplate
1.9,80.0,4,86.0,,,7988.0,1258.0,,,excel
1.9,80.0,4,80.0,7977.0,415.0,7816.0,1311.0,7988.0,1258.0,csv_heatplate
1.9,80.0,5,86.0,,,8062.0,,,,excel
1.9,80.0,5,80.0,7896.0,402.0,7866.0,1322.0,8062.0,,csv_heatplate
2.0,25.0,1,24.0,,,2319.0,1129.0,,,excel
2.0,25.0,1,25.0,2240.0,356.0,2314.0,1304.0,2319.0,1129.0,csv_heatplate
2.0,25.0,2,23.0,,,2300.0,1144.0,,,excel
2.0,25.0,2,25.0,2183.0,360.0,2278.0,1258.0,2300.0,1144.0,csv_heatplate
2.0,25.0,3,23.0,,,2331.0,1095.0,,,excel
2.0,25.0,3,25.0,2137.0,359.0,2276.0,1239.0,2331.0,1095.0,csv_heatplate
2.0,25.0,4,23.0,,,2329.0,1144.0,,,excel
2.0,25.0,4,25.0,2133.0,364.0,2288.0,1214.0,2329.0,1144.0,csv_heatplate
2.0,25.0,5,23.0,,,2345.0,1134.0,,,excel
2.0,25.0,5,25.0,2159.0,366.0,2266.0,1216.0,2345.0,1134.0,csv_heatplate
2.0,30.0,1,31.0,,,3048.0,1168.0,,,excel
2.0,30.0,1,30.0,2997.0,407.0,3161.0,1271.0,3048.0,1168.0,csv_heatplate
2.0,30.0,2,31.0,,,3043.0,1178.0,,,excel
2.0,30.0,2,30.0,3076.0,405.0,3030.0,1240.0,3043.0,1178.0,csv_heatplate
2.0,30.0,3,31.0,,,3045.0,1188.0,,,excel
2.0,30.0,3,30.0,2987.0,401.0,2935.0,1246.0,3045.0,1188.0,csv_heatplate
2.0,30.0,4,31.0,,,3050.0,1181.0,,,excel
2.0,30.0,4,30.0,2981.0,403.0,3095.0,1245.0,3050.0,1181.0,csv_heatplate
2.0,30.0,5,30.0,,,2936.0,1175.0,,,excel
2.0,30.0,5,30.0,3065.0,405.0,3048.0,1248.0,2936.0,1175.0,csv_heatplate
2.0,40.0,1,40.0,,,4008.0,1215.0,,,excel
2.0,40.0,1,40.0,3824.0,451.0,3942.0,1259.0,4008.0,1215.0,csv_heatplate
2.0,40.0,2,41.0,,,3912.0,1217.0,,,excel
2.0,40.0,2,40.0,3850.0,448.0,3993.0,1255.0,3912.0,1217.0,csv_heatplate
2.0,40.0,3,41.0,,,3993.0,1212.0,,,excel
2.0,40.0,3,40.0,3921.0,445.0,4042.0,1256.0,3993.0,1212.0,csv_heatplate
2.0,40.0,4,41.0,,,3996.0,1219.0,,,excel
2.0,40.0,4,40.0,3954.0,446.0,4066.0,1263.0,3996.0,1219.0,csv_heatplate
2.0,40.0,5,41.0,,,3969.0,1200.0,,,excel
2.0,40.0,5,40.0,3897.0,446.0,4132.0,1260.0,3969.0,1200.0,csv_heatplate
2.0,50.0,1,54.0,,,5228.0,1219.0,,,excel
2.0,50.0,1,50.0,4921.0,439.0,4932.0,1284.0,5228.0,1219.0,csv_heatplate
2.0,50.0,2,54.0,,,5274.0,1219.0,,,excel
2.0,50.0,2,50.0,4906.0,437.0,5041.0,1275.0,5274.0,1219.0,csv_heatplate
2.0,50.0,3,54.0,,,5312.0,1222.0,,,excel
2.0,50.0,3,50.0,4989.0,432.0,4917.0,1274.0,5312.0,1222.0,csv_heatplate
2.0,50.0,4,54.0,,,5304.0,1214.0,,,excel
2.0,50.0,4,50.0,4963.0,434.0,4948.0,1267.0,5304.0,1214.0,csv_heatplate
2.0,50.0,5,54.0,,,5355.0,1185.0,,,excel
2.0,50.0,5,50.0,4932.0,430.0,4948.0,1266.0,5355.0,1185.0,csv_heatplate
2.0,60.0,1,64.0,,,6075.0,1232.0,,,excel
2.0,60.0,1,60.0,6080.0,427.0,6082.0,1280.0,6075.0,1232.0,csv_heatplate
2.0,60.0,2,65.0,,,6335.0,1224.0,,,excel
2.0,60.0,2,60.0,6032.0,423.0,6195.0,1271.0,6335.0,1224.0,csv_heatplate
2.0,60.0,3,65.0,,,6335.0,1194.0,,,excel
2.0,60.0,3,60.0,6157.0,429.0,6050.0,1285.0,6335.0,1194.0,csv_heatplate
2.0,60.0,4,65.0,,,6277.0,1218.0,,,excel
2.0,60.0,4,60.0,6075.0,419.0,6009.0,1273.0,6277.0,1218.0,csv_heatplate
2.0,60.0,5,65.0,,,6347.0,1213.0,,,excel
2.0,60.0,5,60.0,6069.0,419.0,5955.0,1289.0,6347.0,1213.0,csv_heatplate
2.0,70.0,1,74.0,,,6324.0,1219.0,,,excel
2.0,70.0,1,70.0,6806.0,406.0,7023.0,1295.0,6324.0,1219.0,csv_heatplate
2.0,70.0,2,74.0,,,7076.0,1249.0,,,excel
2.0,70.0,2,70.0,6857.0,405.0,6980.0,1294.0,7076.0,1249.0,csv_heatplate
2.0,70.0,3,74.0,,,7208.0,1242.0,,,excel
2.0,70.0,3,70.0,6942.0,400.0,6845.0,1303.0,7208.0,1242.0,csv_heatplate
2.0,70.0,4,74.0,,,7240.0,1225.0,,,excel
2.0,70.0,4,70.0,7034.0,410.0,7032.0,1320.0,7240.0,1225.0,csv_heatplate
2.0,70.0,5,74.0,,,7448.0,1202.0,,,excel
2.0,70.0,5,70.0,6981.0,403.0,7086.0,1285.0,7448.0,1202.0,csv_heatplate
2.0,80.0,1,80.0,,,7545.0,1281.0,,,excel
2.0,80.0,1,80.0,7945.0,389.0,7947.0,1335.0,7545.0,1281.0,csv_heatplate
2.0,80.0,2,80.0,,,7758.0,1260.0,,,excel
2.0,80.0,2,80.0,8043.0,392.0,7988.0,1286.0,7758.0,1260.0,csv_heatplate
2.0,80.0,3,80.0,,,7816.0,1266.0,,,excel
2.0,80.0,3,80.0,8011.0,388.0,7927.0,1307.0,7816.0,1266.0,csv_heatplate
2.0,80.0,4,80.0,,,7957.0,1230.0,,,excel
2.0,80.0,4,80.0,7998.0,382.0,7876.0,1299.0,7957.0,1230.0,csv_heatplate
2.0,80.0,5,80.0,,,8030.0,1230.0,,,excel
2.0,80.0,5,80.0,7864.0,386.0,7876.0,1300.0,8030.0,1230.0,csv_heatplate
